Date,Mkt-RF,SMB,HML,RF,,,S/L,S/M,S/H,B/L,B/M,B/H
192607,2.63,-2.49,-3.04,0.22,,192607,2.29,0.31,-0.01,5.81,1.89,2.05
192608,2.52,-1.33,4.3,0.25,,192608,-0.58,2.6,5.2,2.7,2.76,5.61
192609,0.02,-1.36,0.1,0.23,,192609,-2.6,0.11,-0.42,1.49,0.02,-0.52
192610,-3.1,-0.17,0.48,0.32,,192610,-3.5,-4.44,-2.16,-3.67,-2.31,-3.83
192611,2.46,-0.33,-0.39,0.31,,192611,2.62,3.55,2.21,3.49,2.71,3.28
192612,2.63,0.01,-0.05,0.28,,192612,2.51,2.08,2.77,2.72,2.61,2.2
192701,-0.08,-0.21,4.59,0.25,,192701,-1.19,-0.23,4.9,-0.05,0.02,4.01
192702,4.26,0.27,3.08,0.26,,192702,3.24,7.3,6.83,5.08,3.45,7.59
192703,0.37,-1.85,-2.96,0.3,,192703,-1.63,-1.19,-3.38,1.74,-0.03,-2.52
192704,0.43,0.43,1.08,0.25,,192704,-0.91,-0.03,4.8,3.11,-0.67,-0.17
192705,5.43,0.25,2.75,0.3,,192705,5.9,3.25,9.99,5.7,4.96,7.16
192706,-2.3,0.96,-1.87,0.26,,192706,-0.67,-0.15,-2.5,-0.98,-2.88,-2.37
192707,7.24,-3.03,-1.45,0.3,,192707,4.29,5.36,4.01,9.34,6.69,7.14
192708,2.27,-0.94,-3.2,0.28,,192708,1.95,-2.55,1.65,4.47,1.18,-1.98
192709,4.44,-3.05,-0.86,0.21,,192709,2.59,2.51,0.05,4.59,4.47,5.49
192710,-4.19,1.97,-3.7,0.25,,192710,-0.34,-1.89,-5.49,-3.35,-4.36,-6.43
192711,6.73,2.23,-0.13,0.21,,192711,10.52,7.52,9.8,7.17,6.62,7.23
192712,2.08,0.91,-1.28,0.22,,192712,5.2,3.21,2.02,2.37,2,3.63
192801,-0.52,4.27,-1.52,0.25,,192801,3.46,2.98,3.08,-0.3,-0.39,-2.81
192802,-1.68,-2,-0.76,0.33,,192802,-4.86,-1.72,-3.95,-0.52,-1.24,-3.04
192803,8.7,-0.27,-1.45,0.29,,192803,6.84,7.86,9.76,12.23,6.06,6.35
192804,4.08,3.89,2.72,0.22,,192804,4.29,10.92,9.17,3.01,5.8,3.77
192805,1.62,2.69,-3.22,0.32,,192805,6.93,1.96,2.63,2.9,0.07,0.2
192806,-4.9,-3.66,0.3,0.31,,192806,-8.81,-8.18,-7.23,-3.96,-4.05,-5.5
192807,0.7,-1.48,-0.65,0.32,,192807,-0.46,-1.03,-0.91,1.31,0.26,0.67
192808,6.46,-1.94,-2.37,0.32,,192808,5.79,4.61,3.61,8.47,5.46,5.6
192809,2.86,1.95,1.02,0.27,,192809,5.48,4.38,6.42,3.68,1.68,4.5
192810,1.68,2.34,-2.59,0.41,,192810,5.18,3.67,1.6,1.36,1.94,0.25
192811,11.66,-1.51,2.82,0.38,,192811,8.02,10.74,12.77,10.97,13.35,12.07
192812,0.33,-1.08,-0.01,0.06,,192812,0.22,-1.36,-0.15,0.67,0.04,0.62
192901,4.99,-3.13,-1.86,0.34,,192901,0.76,2.21,1.13,6.11,5.09,1.67
192902,-0.41,0.75,1.04,0.36,,192902,0.79,1.25,1.87,-0.49,0.83,0.38
192903,-1.14,-3.89,0.65,0.34,,192903,-5.14,-2.91,-4.11,-1.57,2.4,-1.06
192904,1.44,-0.86,1.3,0.36,,192904,-0.51,2.52,1.57,1.87,1.46,2.27
192905,-5.98,-7.36,1.05,0.44,,192905,-10.93,-9.69,-13.37,-5.77,-4.89,-0.85
192906,9.42,-1.69,-2.85,0.52,,192906,6.94,9.82,6.4,11.72,9.53,6.5
192907,4.25,-4.02,2.11,0.33,,192907,0.62,-0.71,2.82,3.56,5.79,5.55
192908,8.01,-9.3,0.26,0.4,,192908,-2.32,-0.15,0.14,7.57,12.4,5.34
192909,-5.25,1.46,-0.94,0.35,,192909,-2.85,-3.88,-3.75,-4.81,-4.52,-5.84
192910,-20.11,-3.86,9.04,0.46,,192910,-23.13,-18.01,-19.1,-24.02,-13.78,-10.23
192911,-12.6,-1.6,5.25,0.37,,192911,-15.2,-10.27,-12.18,-14.96,-10.79,-7.16
192912,1.41,-4.88,-0.54,0.37,,192912,-3.95,-2.44,-1.79,4.29,0.67,0.97
193001,5.45,4.26,-3.14,0.14,,193001,8.22,8.94,7.37,6.99,3.22,2.5
193002,2.37,0.4,0.1,0.3,,193002,2.74,0.45,4.5,2.86,1.71,1.47
193003,7.33,4.11,-0.52,0.35,,193003,10.14,11.46,11.2,6.8,8.44,5.47
193004,-2.27,-1.12,-2.17,0.21,,193004,-6.46,-1.81,-5.26,-1.3,-2.43,-6.32
193005,-1.55,-1.59,-1.79,0.26,,193005,-2.53,-2.78,-3.62,0.05,-1.85,-2.08
193006,-16.02,-3,2.6,0.27,,193006,-17.82,-15.26,-18.61,-17.76,-12.94,-12.2
193007,3.91,0.54,-2.35,0.2,,193007,8.18,4.25,2.54,4.47,3.66,5.34
193008,0.26,-2.15,-1.12,0.09,,193008,-3.47,-1.34,-2.94,0.84,-0.8,-1.68
193009,-12.65,-2.09,-4.47,0.22,,193009,-14.31,-14.13,-18.52,-12.37,-11.21,-17.12
193010,-8.46,-1.38,-0.84,0.09,,193010,-11.72,-8.92,-10.93,-9.03,-7.29,-11.33
193011,-2.75,2.26,-2.75,0.13,,193011,-0.48,-2.27,-1.94,-1.81,-3.49,-6.14
193012,-7.85,-5.06,-5.29,0.14,,193012,-11.26,-11.43,-17.73,-6.27,-9.11,-9.95
193101,6.08,3.7,7.7,0.15,,193101,11.21,8.68,17.24,4.62,8.1,13.87
193102,10.81,2.93,2.48,0.04,,193102,11.87,11.89,16.84,12.33,6.79,12.54
193103,-6.55,2.72,-3.27,0.13,,193103,-4.24,-3.24,-7.47,-5.08,-9.89,-8.41
193104,-9.92,-4.71,-3.8,0.08,,193104,-12.67,-14.88,-18.12,-9.09,-11.05,-11.37
193105,-13.37,5.65,-6.34,0.09,,193105,-9.85,-8.78,-13.25,-11.27,-17.56,-20.6
193106,13.68,-4.97,10.94,0.08,,193106,9.94,9.12,20.2,13.01,16.97,24.56
193107,-6.39,1.65,-3.87,0.06,,193107,-7.44,-9.79,-6.03,-4.82,-10.03,-13.87
193108,0.05,-1.01,-2.57,0.03,,193108,-0.65,0.46,-4.6,0.57,-1.68,-0.68
193109,-29.03,-0.53,-6.55,0.03,,193109,-27.68,-31.19,-33.64,-28.05,-27.83,-35.13
193110,7.98,0,0.09,0.1,,193110,5.99,9.43,6.37,9.43,3.01,9.29
193111,-9.1,4.55,-5.33,0.17,,193111,-8.01,-6.82,-9.68,-6.47,-16.43,-15.47
193112,-13.57,0.02,-9.56,0.12,,193112,-13.5,-16.53,-22.16,-11.46,-19.11,-21.88
193201,-1.28,3.45,9.89,0.23,,193201,2.41,3.96,10.63,-3.35,1.8,8.26
193202,5.51,-1.59,-3.64,0.23,,193202,1.51,4.21,-0.17,6.86,1.85,0.84
193203,-11.09,2.2,-1.86,0.16,,193203,-12.42,-9.53,-11.49,-10.01,-15.43,-14.58
193204,-18.11,1.47,-1.12,0.11,,193204,-19.76,-14.94,-19.12,-17.72,-19.93,-20.57
193205,-20.75,4.5,-5.09,0.06,,193205,-16.72,-23.01,-16.58,-19.56,-25.79,-27.2
193206,-0.94,-2.41,8.17,0.02,,193206,1.17,1.45,1.25,-2.55,0.27,13.55
193207,33.05,-6.5,35.35,0.03,,193207,30.7,34.95,60.37,27.94,48.99,70.11
193208,36.45,19.44,24.58,0.03,,193208,60.45,57.39,81.36,30.94,50.53,59.54
193209,-3.13,-2.36,-6.96,0.03,,193209,-2.35,-5.93,-12.23,-1.61,-6.51,-4.98
193210,-13.06,-2.83,-9.9,0.02,,193210,-16.01,-20.45,-23.08,-10.52,-17.28,-23.25
193211,-5.49,1.32,-12.05,0.02,,193211,-2.39,-7.35,-13.22,-2.41,-8.96,-16.23
193212,4.43,-9.88,-6.89,0.01,,193212,-7.83,-7.16,-10.8,6.74,1.35,-4.09
193301,0.96,-0.21,7.56,0.01,,193301,1.38,2.68,7.56,0.07,2.4,9.66
193302,-13.25,-1.31,0.71,-0.03,,193302,-15.95,-14.64,-13.16,-14.04,-10.92,-14.26
193303,1.64,2.19,2.52,0.04,,193303,5.61,1.69,7.14,0.5,3.48,3.29
193304,38.18,4.4,17.51,0.1,,193304,44.89,53.38,56.27,32.46,51.25,55.41
193305,21.07,38.04,14.79,0.04,,193305,64.32,64.98,69.64,17.17,26.5,41.85
193306,13.35,8.45,-3.3,0.02,,193306,33.01,24.77,15.97,11.55,15.14,22.41
193307,-9.6,-0.11,0.81,0.02,,193307,-11.59,-11.82,-8.57,-8.87,-12.79,-9.36
193308,12.19,-5.46,3.49,0.03,,193308,9.19,10.76,8.3,10.67,15.65,18.33
193309,-10.57,0.12,-13.42,0.02,,193309,-6.38,-14.04,-21.38,-9.08,-12.32,-20.52
193310,-8.23,-0.04,-8.11,0.01,,193310,-8.92,-11.92,-13.38,-6.14,-10.17,-18
193311,9.96,-6.32,1.28,0.02,,193311,6.23,4.75,5.18,9.55,12.26,13.02
193312,1.99,-0.22,-1.67,0.02,,193312,4.1,3.19,0.03,2.41,2.4,3.27
193401,12.92,12.17,17.01,0.05,,193401,19.53,30.26,38.64,10.48,16.09,25.35
193402,-2.37,5.19,2.13,0.02,,193402,0.03,1.13,5.52,-2.15,-3.3,-3.81
193403,0.46,2.43,-2.87,0.02,,193403,4.52,1.55,0.08,0.08,0.06,-1.28
193404,-1.81,2.94,-4.83,0.01,,193404,4.65,-1.97,-2.21,-1.7,-1.87,-4.7
193405,-7.08,-0.04,-7.45,0.01,,193405,-6.65,-9.84,-12.91,-6.18,-8.34,-14.61
193406,2.52,-2.56,-2.33,0.01,,193406,2.81,-0.1,-2.22,2.67,2.36,3.06
193407,-10.86,-6.32,-11.48,0.01,,193407,-18.97,-21.03,-24.54,-8.14,-11.94,-25.9
193408,5.94,4.53,1.26,0.01,,193408,10.96,9.32,12.01,6.67,4.02,7.95
193409,-0.31,-1.79,-0.51,0.01,,193409,-2.26,0.15,-3.71,-0.37,-0.1,0.04
193410,-1.93,1.66,-4.01,0.01,,193410,-1.83,-1.53,-2.75,-0.67,-3.02,-7.54
193411,8.43,7.08,-4.79,0.01,,193411,19.31,15.23,11.55,10.72,5.3,8.5
193412,0.39,2.81,-2.96,0.01,,193412,4.25,1.82,1.18,0.91,0.11,-2.22
193501,-3.19,1.01,-2.34,0.01,,193501,-6.24,-3.09,-3.36,-2.79,-2.84,-10.34
193502,-1.96,0.38,-7.27,0.02,,193502,-4.57,-4.22,-6.45,-0.63,-2.7,-13.25
193503,-3.71,-3.85,-5.07,0.01,,193503,-5.27,-8.21,-11.78,-3.38,-3.3,-7.13
193504,8.93,-1.92,5.14,0.01,,193504,6.11,8.82,10.79,7.87,10.08,13.7
193505,3.47,-3.95,1.75,0.01,,193505,-1.33,1.39,0.42,3.03,4.76,4.53
193506,5.5,-2.89,-0.02,0.01,,193506,3.82,7.93,0.32,5.76,5.53,9.16
193507,7.3,2.9,5.58,0.01,,193507,12.14,13.4,13.08,6.98,6.33,17.03
193508,2.74,7.15,4.4,0.01,,193508,5.89,8.98,14.09,2.44,2.26,3.17
193509,2.37,0.92,-4.24,0.01,,193509,5.1,5.28,-0.82,4.47,0.68,1.85
193510,6.98,2.27,-0.15,0.01,,193510,8.07,10.83,8.54,6.82,7.95,5.78
193511,5.17,5.71,10.53,0.02,,193511,9.68,10.74,19.51,3,5.66,14.33
193512,4.55,0.9,0.37,0.01,,193512,8.14,8.77,3.1,2.92,5.98,8.58
193601,6.57,6.17,10.17,0.01,,193601,11.49,9.68,22.29,2.58,9.49,12.07
193602,2.59,0.74,3.75,0.01,,193602,2.93,6.57,5.11,2.04,2.78,7.57
193603,0.83,0.88,-2.05,0.02,,193603,0.84,3.1,0.65,2.69,0.08,-1.4
193604,-7.84,-6.8,-2.19,0.02,,193604,-15.72,-13,-16.57,-6.61,-8.27,-10.1
193605,5.03,0.89,2.5,0.02,,193605,5.23,4.87,8.51,4.81,5.05,6.57
193606,2.56,-3.51,-0.86,0.03,,193606,-2.38,0.58,-0.92,3.61,2.31,0.41
193607,6.32,1.38,1.93,0.01,,193607,11.25,7.08,8.98,5.38,6.71,11.64
193608,1.1,0.05,3.56,0.02,,193608,0.25,2.13,3.38,0.49,0.83,4.64
193609,1.46,3.29,-0.63,0.01,,193609,4.66,4.15,4.24,1.44,0.86,0.63
193610,6.95,-2.23,2.01,0.02,,193610,4.32,6.72,5.87,6.22,8.96,8.38
193611,3.41,8.25,-1.62,0.01,,193611,11.56,8.26,11.94,3.77,2.85,0.01
193612,0.12,2.92,5.57,0,,193612,0.73,2.58,7.69,-2.15,2,2.09
193701,3.24,4.34,3.54,0.01,,193701,6.72,6.7,11.01,3.72,1.5,6.47
193702,1.31,0.49,5.35,0.02,,193702,3.24,2.12,5.02,-0.18,0.43,9.04
193703,-0.47,-2.2,6.88,0.01,,193703,-3.56,0.08,1.88,-1.86,-0.25,6.85
193704,-7.49,-3.33,-4.89,0.03,,193704,-8.72,-11.07,-14.15,-6.72,-6.07,-11.17
193705,-0.9,-0.59,-3.45,0.06,,193705,0.66,-1.75,-4.19,-0.25,-0.78,-2.48
193706,-4.09,-3.41,-2.92,0.03,,193706,-6.6,-7.73,-9.71,-4.24,-2.73,-7.14
193707,8.4,1.84,-0.01,0.03,,193707,11.8,9.83,10.12,8.21,8,10.09
193708,-4.54,0.01,-2.21,0.02,,193708,-4.89,-5.26,-5.03,-3.14,-4.79,-7.88
193709,-13.52,-6.95,-4.48,0.04,,193709,-20.71,-20.52,-23.14,-12,-12.96,-19.11
193710,-9.5,0.17,-1.45,0.02,,193710,-11.9,-9.69,-10.18,-9.73,-7.98,-14.86
193711,-8.32,-3.41,0.21,0.02,,193711,-11.98,-11.89,-11.34,-8.83,-7.4,-9.25
193712,-4.05,-8.05,-1.28,0,,193712,-12.63,-10.81,-13.62,-4.21,-3.15,-6.09
193801,0.83,5.83,-1.84,0,,193801,5.76,6,5.38,1.67,-0.32,-1.68
193802,5.75,0.01,-1.59,0,,193802,8.62,5.27,4.6,5.9,5.48,6.3
193803,-23.61,-4.25,-4.2,-0.01,,193803,-29.94,-27.92,-30.7,-22.79,-22.74,-31.75
193804,14.53,6.71,-0.09,0.01,,193804,21.95,20.49,20.33,13.32,14.68,15.09
193805,-3.88,-2.46,-0.93,0,,193805,-6.81,-7.64,-6.16,-3.63,-3.69,-6.3
193806,23.54,4.07,1.91,0,,193806,30.11,29.07,29.06,25.27,20.92,31.55
193807,7.18,6.67,0.86,-0.01,,193807,15.09,14.19,14.03,6.91,7.25,9.05
193808,-2.69,-2.44,-4.07,0,,193808,-5.56,-4.47,-9.13,-0.61,-6.07,-5.28
193809,0.86,-3.1,-0.86,0.02,,193809,-2.4,-2.32,-2.81,1.29,0.66,-0.89
193810,7.71,6.63,4.69,0.01,,193810,16.04,15.46,17.05,6.69,7.29,14.01
193811,-1.76,-2.37,-0.95,-0.06,,193811,-5.49,-2.21,-5.59,-1.12,-2.56,-2.4
193812,4.04,-1.9,0.87,0,,193812,5.42,3.45,1.77,3.21,4.43,8.99
193901,-5.96,-1.36,-3.61,-0.01,,193901,-8.11,-9.26,-9.2,-5.22,-6.03,-11.03
193902,3.45,0.23,3.24,0.01,,193902,3.13,5.36,5.9,3.37,3.17,6.79
193903,-11.89,-5.42,-8.05,-0.01,,193903,-18.28,-18.84,-23.1,-9.69,-13.44,-21.15
193904,-0.26,2.02,0.39,0,,193904,-0.55,-0.39,3.34,-0.15,-0.18,-3.33
193905,6.85,3.78,-0.15,0.01,,193905,13.08,9.48,10.32,6.85,5.49,9.05
193906,-5.31,-1.8,-5.25,0.01,,193906,-7.04,-8.26,-11.24,-4.36,-6.29,-10.86
193907,10.11,4.69,0.32,0,,193907,16.79,15.49,14.78,11.11,8.41,13.59
193908,-6.59,-4.56,-2.6,-0.01,,193908,-12.28,-11.7,-12.63,-6.06,-5.98,-11
193909,15.94,18.77,22.17,0.01,,193909,35.44,37.18,52.63,12.98,17.59,39.77
193910,-0.42,0.21,-4.41,0,,193910,0.41,-0.3,-4.17,0.12,-0.99,-4.09
193911,-3.63,-4.33,-6.37,0,,193911,-7.26,-8.55,-12.81,-2.58,-3.74,-9.7
193912,3.03,0.79,-4.05,0,,193912,6.37,2.37,0.61,3.65,2.33,1.24
194001,-2.48,0.36,-0.25,0,,194001,-4.24,-1.76,-2.37,-2.1,-2.87,-4.52
194002,1.43,2.21,-0.5,0,,194002,4.37,3.63,2.82,0.96,1.74,1.46
194003,1.9,1.69,-1.01,0,,194003,4.97,3.21,2.94,2.4,1.49,2.27
194004,0.13,3.74,-0.34,0,,194004,5.31,2.54,3.93,0.04,0.09,0.62
194005,-22,-6.22,-3.66,-0.02,,194005,-26.71,-27.45,-31.27,-21.92,-20.89,-24.48
194006,6.66,-2.24,4.5,0,,194006,4.15,5.08,7.23,4.95,8.33,10.55
194007,3.22,0.73,-0.44,0.01,,194007,4.59,4.59,3.18,3.45,2.93,3.86
194008,2.35,0.36,0.29,-0.01,,194008,2.63,3.22,2.27,2.13,1.77,3.13
194009,2.32,3.43,-1.97,0,,194009,6.85,4.42,4.77,3.14,1.06,1.45
194010,2.95,-0.43,5.74,0,,194010,2.34,5.7,6.4,0.97,6.38,8.38
194011,-1.66,2.03,0.54,0,,194011,0.07,1.08,0.55,-1.81,-1.26,-1.28
194012,0.71,-2.36,-1.13,0,,194012,-0.54,-0.93,-3.05,0.57,1.05,0.78
194101,-4.03,0.85,3.58,-0.01,,194101,-4.66,-2.64,-0.51,-4.9,-3.69,-1.8
194102,-1.5,-1.55,0.86,-0.01,,194102,-3.11,-1.7,-3.21,-1.8,-1.48,-0.07
194103,0.98,0.3,3.16,0.01,,194103,0.01,1.41,4.25,0.57,1.31,2.79
194104,-5.29,-1.67,3.35,-0.01,,194104,-6.94,-5.44,-5.03,-6.36,-4.43,-1.61
194105,1.43,-0.98,0.92,0,,194105,0.74,1.19,1.29,1.12,2.7,2.42
194106,5.82,1.41,0.66,0,,194106,4.5,6.44,8.38,6.18,5.28,3.61
194107,5.83,5.95,6.8,0.03,,194107,10.91,10.7,18.09,3.79,7.91,10.44
194108,0.07,-0.43,-1.07,0.01,,194108,-1.06,-1.19,-0.52,0.86,-0.92,-1.84
194109,-0.76,-1.45,0.01,0.01,,194109,-4.11,-1.24,-2.63,-0.16,-1.95,-1.49
194110,-5.15,-2.4,1.8,0,,194110,-5.86,-5.52,-6.63,-5.8,-3.64,-1.56
194111,-1.93,-0.76,-1.05,0,,194111,-0.41,-3.23,-3.2,-2.09,-0.79,-1.47
194112,-4.64,-3.45,-4.74,0.01,,194112,-7.36,-8.45,-12.2,-4.22,-4.62,-9.24
194201,0.56,7.7,9.74,0.02,,194201,7.48,10.4,14.23,-2.26,1.04,10.77
194202,-2.29,1.52,-1.01,0.01,,194202,0.51,-1.38,-1.48,-2.01,-3.03,-2.15
194203,-6.59,2.29,-1.23,0.01,,194203,-3.35,-3.39,-5.97,-5.92,-7.73,-5.79
194204,-4.32,-0.66,1.96,0.01,,194204,-6.55,-3.13,-4.22,-4.62,-4.1,-2.9
194205,6.11,-3.2,-3.14,0.03,,194205,0.18,2.14,1.07,7.34,5.28,0.31
194206,2.5,-1.06,0.15,0.02,,194206,1.2,1.7,2.13,3.07,2.5,2.37
194207,3.45,-0.35,2.49,0.03,,194207,4.65,4.18,4.73,2.68,4.5,7.53
194208,1.85,-0.55,1.78,0.03,,194208,1.77,3.35,2,1.69,1.88,5.07
194209,2.59,0.35,3.72,0.03,,194209,1.11,3.42,6.25,2.55,2.49,4.7
194210,6.75,1.35,6.64,0.03,,194210,7.8,7.47,14.32,5.17,8.52,11.99
194211,0.15,-0.64,-5.43,0.03,,194211,-0.42,-1.58,-4.34,1.28,-0.43,-5.52
194212,4.9,-2.14,1.02,0.03,,194212,2.19,3.12,4.04,4.51,6.47,4.68
194301,7.47,8.06,7.35,0.03,,194301,12.27,13.41,22.37,5.73,8.36,10.06
194302,5.96,4.42,6.09,0.03,,194302,11.39,9.57,16.2,4.93,6.9,12.45
194303,6.11,4.9,5.31,0.03,,194303,10.39,12.07,14.81,4.39,7.34,10.7
194304,0.64,1.78,6.56,0.03,,194304,-0.94,2.49,8.41,-0.2,1.24,3.68
194305,5.67,4.16,2.87,0.03,,194305,8.25,9.87,12.56,5.05,5.86,6.73
194306,1.65,-0.57,-0.78,0.03,,194306,-0.28,1.25,0.81,2.22,1.61,-0.52
194307,-4.63,-2.73,-2.41,0.03,,194307,-5.49,-7.11,-9.18,-4.41,-3.82,-5.49
194308,1.26,-0.85,-0.92,0.03,,194308,0.83,-0.01,-0.15,1.31,1.52,0.39
194309,2.38,1.42,1.33,0.03,,194309,3.41,2.89,5.48,2.34,2.28,3.03
194310,-1.26,0.88,1.28,0.03,,194310,-0.06,-0.14,0.66,-1.55,-0.91,0.31
194311,-5.84,-1.55,-4.76,0.03,,194311,-6.38,-8.05,-10.96,-4.56,-6.51,-9.67
194312,6.28,3.36,3,0.03,,194312,7.39,10.92,11.66,5.59,6.91,7.49
194401,1.77,2.2,2.29,0.03,,194401,4.9,3.55,5.61,0.93,1.63,4.89
194402,0.38,0.11,1.43,0.03,,194402,1.23,0.82,1.71,0.11,0.94,2.43
194403,2.39,1.85,2.87,0.02,,194403,2.22,4.24,7.02,2.1,2.72,3.11
194404,-1.76,-1.26,-0.73,0.03,,194404,-2.02,-2.81,-3.79,-1.59,-1.92,-1.34
194405,5.16,1.38,1.07,0.03,,194405,5.83,6.9,6.98,4.77,4.97,5.92
194406,5.64,4.1,2.38,0.03,,194406,9.09,9.12,11.4,4.93,5,7.46
194407,-1.53,0.73,-0.61,0.03,,194407,0.93,-1.15,-1.4,-1.64,-1.56,-0.66
194408,1.49,2.16,-1.47,0.03,,194408,4.19,3.86,2.03,1.54,1.01,0.95
194409,0.01,0.48,-1.14,0.02,,194409,1.79,0.14,-0.31,0.29,-0.36,0.14
194410,0.25,-0.26,-0.15,0.03,,194410,0.1,0.75,-0.47,0.08,0.68,0.33
194411,1.51,0.52,1.72,0.03,,194411,1.25,3.14,3.31,1.06,2.17,2.64
194412,4.19,1.56,6.39,0.02,,194412,5.62,6.29,10.8,2.68,4.7,10.76
194501,1.8,2.91,0.7,0.03,,194501,5.53,4.22,5.04,0.4,3.39,2.18
194502,6.5,1.64,4.22,0.02,,194502,6.56,8.79,10.62,5.21,6.56,9.8
194503,-3.92,-2.01,-1.37,0.02,,194503,-4.8,-5.63,-6.98,-3.24,-4.61,-3.78
194504,7.75,0.46,3.46,0.03,,194504,7.46,8.65,10.75,6.79,8.11,10.62
194505,1.81,1.36,0.8,0.03,,194505,2.53,1.56,4.69,2.1,0.64,2.09
194506,0.37,3.07,4.41,0.02,,194506,3.25,2.23,6.62,-1.26,0.77,3.92
194507,-2.25,-1.65,-2.4,0.03,,194507,-3.41,-3.97,-5.41,-1.44,-1.85,-4.44
194508,6.03,1.68,-4.11,0.03,,194508,7.82,7.32,4.68,8.2,4.5,2.5
194509,4.77,1.95,0.43,0.03,,194509,7.05,6.22,6.91,4.68,4.23,5.63
194510,3.88,2.58,1.66,0.03,,194510,6.49,6.78,7.09,2.46,5.26,5.23
194511,5.44,3.97,4.39,0.02,,194511,8.82,9.59,11.44,3.09,5.82,9.15
194512,1.11,2.67,-1.99,0.03,,194512,3.98,3.5,2.12,1.45,1.13,-0.71
194601,6.15,3.82,1.73,0.03,,194601,9.8,8.63,12.2,6.28,4.84,7.6
194602,-5.79,-0.82,-1.29,0.03,,194602,-6.41,-6.71,-7.33,-5.74,-4.98,-7.4
194603,5.92,0.27,-0.73,0.03,,194603,6.97,5.59,5.86,5.51,7.18,5.07
194604,4.03,2.35,-0.22,0.03,,194604,4.93,7.11,6.17,3.89,5.18,2.21
194605,4.13,1.43,1.92,0.03,,194605,6.17,4.95,6.35,3.18,3.5,6.54
194606,-3.94,-1.44,-0.16,0.03,,194606,-5.06,-5.13,-5.44,-4.38,-2.78,-4.15
194607,-2.61,-2.07,0.21,0.03,,194607,-4.83,-3.52,-5.12,-2.69,-2.34,-2.25
194608,-6.44,-1.84,0.12,0.03,,194608,-8.18,-8.14,-7.85,-5.94,-6.44,-6.23
194609,-10.12,-4.46,-1.95,0.03,,194609,-13.89,-13.43,-15.67,-9.26,-8.54,-11.91
194610,-1.44,-0.1,3.35,0.03,,194610,-3.42,-0.86,0.31,-2.52,-1.61,0.55
194611,0.22,-0.51,1.11,0.03,,194611,-1.71,-0.53,1.41,0.06,0.75,-0.32
194612,5.03,0,-1.15,0.03,,194612,5.31,4.49,4.79,5.83,4.86,3.91
194701,1.48,1.68,-0.84,0.03,,194701,3.76,2.27,3.3,2.31,0.01,1.73
194702,-1.21,0.57,-0.18,0.03,,194702,-1.17,-0.28,-0.21,-0.2,-1.34,-1.78
194703,-1.72,-1.59,0.56,0.03,,194703,-3.22,-3.66,-2.17,-1.65,-1.06,-1.58
194704,-4.81,-4.1,0.51,0.03,,194704,-8.75,-8.23,-8.24,-5.12,-3.7,-4.28
194705,-1.04,-3.25,0.28,0.03,,194705,-4.83,-4.1,-3.93,-1.12,0.04,-1.94
194706,5.33,-0.26,-0.14,0.03,,194706,3.83,5.38,5.19,6.54,4.49,4.41
194707,4.11,1.62,3.08,0.03,,194707,5.02,6.65,7.34,3.52,3.5,7.33
194708,-1.78,0.33,0.1,0.03,,194708,-1.8,-1.57,-1.23,-1.86,-1.49,-2.26
194709,-0.51,1.62,1.48,0.06,,194709,0.23,0.26,2.79,-0.63,-0.62,-0.19
194710,2.41,0.49,0.22,0.06,,194710,3.61,3.26,2.95,2.22,2.92,3.17
194711,-1.87,-1.63,1.06,0.06,,194711,-4.46,-3.12,-2.61,-1.92,-1.45,-1.78
194712,2.91,-2.36,3.54,0.08,,194712,0.21,1.62,2.74,1.86,3.47,6.38
194801,-3.77,2.2,1.07,0.07,,194801,-1.63,-2.65,-0.34,-4.27,-4.06,-3.24
194802,-4.43,-1.76,-0.07,0.07,,194802,-5.83,-6.5,-5.91,-4.68,-3.68,-4.7
194803,8.17,0.09,4.53,0.09,,194803,6.36,8.43,12.38,7.87,7.78,11.06
194804,3.69,-1.47,4.06,0.08,,194804,1.43,3.01,4.71,2.19,4.33,7.11
194805,7.37,0.98,-1.02,0.08,,194805,8.83,8.91,7.46,8.48,6.57,7.63
194806,-0.09,-1.71,2.72,0.09,,194806,-2.43,-1.61,0.33,-0.55,0.31,1.88
194807,-5.12,-0.34,0.02,0.08,,194807,-4.78,-5.32,-5.51,-5.05,-5.3,-4.32
194808,0.3,-1.06,0.22,0.09,,194808,-1.14,-0.46,-0.35,0.87,-0.2,0.57
194809,-2.98,-1.32,-1.7,0.04,,194809,-2.95,-4.23,-5.51,-2.67,-2.45,-3.65
194810,5.94,-1.47,0.59,0.04,,194810,3.94,4.73,5.31,6.34,5.82,6.18
194811,-9.1,-0.67,-4.51,0.04,,194811,-9.28,-9.79,-12.93,-8.01,-8.73,-13.38
194812,3.17,-2.65,-1.59,0.04,,194812,1.24,0.13,0.46,4.74,2.77,2.3
194901,0.2,1.5,1.47,0.1,,194901,0.86,1.76,2.86,0.54,-1.07,1.42
194902,-2.96,-1.91,-0.8,0.09,,194902,-5.24,-3.74,-5.83,-2.59,-2.71,-3.7
194903,3.98,2.51,1.21,0.1,,194903,6.02,5.38,8.21,4.2,3.39,4.56
194904,-1.9,-0.98,-1.09,0.09,,194904,-1.89,-3.13,-3.4,-2.03,-0.77,-2.64
194905,-2.83,-0.83,-2.49,0.1,,194905,-3.68,-3.65,-5.05,-1.63,-3.02,-5.3
194906,0.24,-1.08,-1.58,0.1,,194906,-1.4,-1.18,-1.18,1.31,0.25,-2.13
194907,5.46,0.75,0.35,0.09,,194907,6.67,7.36,5.71,5.18,5.69,6.78
194908,2.56,0.02,-0.35,0.09,,194908,3.1,3.56,1.89,2.6,2.77,3.16
194909,3.12,1.11,0.09,0.09,,194909,5.42,4.13,4.09,2.67,3.65,4.07
194910,3.07,1.08,-0.32,0.09,,194910,5.08,3.47,4.2,3.2,3.02,3.46
194911,1.84,-1.05,-0.48,0.08,,194911,0.6,1.04,0.36,2.91,0.19,1.89
194912,5.17,2.06,1.63,0.09,,194912,6.88,6.49,8.78,5.33,4.06,6.71
195001,1.54,3.66,0.15,0.09,,195001,7.22,4.62,4.95,0.78,1.77,3.28
195002,1.36,-0.03,-0.88,0.09,,195002,1.57,1.83,0.39,1.49,1.5,0.88
195003,1.12,-1.3,-2.74,0.1,,195003,2.41,-0.98,-2,1.8,0.96,0.69
195004,3.92,1.97,1.49,0.09,,195004,5.66,5.41,7.44,4.31,3,5.5
195005,4.19,-1.99,0.56,0.1,,195005,1.51,2.78,3.05,4.53,4.74,4.11
195006,-5.75,-2.53,-0.84,0.1,,195006,-6.9,-7.69,-9.05,-5.37,-5.83,-4.94
195007,1.5,0.47,13.35,0.1,,195007,0.82,3.4,11.22,-3.38,4.34,13.11
195008,4.93,1.05,-1.31,0.1,,195008,4.68,5.57,5.34,6,4.08,2.59
195009,4.78,0.39,-0.66,0.1,,195009,5.28,4.98,4.97,5.7,3.87,4.52
195010,-0.26,-0.48,1.1,0.12,,195010,0.27,-0.51,0.37,-0.2,-0.53,2
195011,2.79,-0.87,3.23,0.11,,195011,0.34,2.19,4.97,2.33,3.44,4.2
195012,5.61,1.63,7.05,0.11,,195012,4.9,7.38,12.37,3.3,6.68,10.18
195101,5.66,1.69,4.1,0.13,,195101,6.6,7.23,10.78,4.95,5.4,9
195102,1.41,0.03,-2.83,0.1,,195102,1.52,1.33,-0.17,2.48,1.87,-1.55
195103,-2.21,-0.71,-4.07,0.11,,195103,-1.61,-3.17,-5.55,-0.7,-2.7,-4.93
195104,4.84,-1.49,3.35,0.13,,195104,1.96,3.92,6.27,4.33,5.68,6.72
195105,-2.38,-0.07,-1.34,0.12,,195105,-1.81,-2.55,-3.21,-2.4,-1.81,-3.51
195106,-2.64,-1.95,-3.95,0.12,,195106,-3.91,-4.71,-7.23,-2.21,-1.05,-6.89
195107,6.96,-1.9,1.93,0.13,,195107,5.34,4.97,6.84,6.55,7.22,9.06
195108,4.38,0.8,0.13,0.13,,195108,5.55,5.57,4.92,4.18,4.37,5.05
195109,0.78,1.99,0.61,0.12,,195109,2.38,2.83,3.02,0.64,0.38,1.25
195110,-2.4,-0.34,0.4,0.16,,195110,-1.96,-1.78,-3.21,-3.8,-0.46,-1.71
195111,0.49,-0.44,0.32,0.11,,195111,-0.13,0.78,0.35,0.83,0.53,0.89
195112,3.38,-2.07,-1.94,0.12,,195112,1.32,0.94,0.51,4.11,3.8,1.06
195201,1.55,-0.76,1.79,0.15,,195201,1.45,1.85,1.44,0.52,2.45,4.07
195202,-2.6,0.69,-0.42,0.12,,195202,-2.18,-1.76,-2.19,-2.16,-2.84,-3.09
195203,4.43,-2.97,2.33,0.11,,195203,1.1,2.15,3.49,4.23,4.89,6.58
195204,-4.99,0.37,0.17,0.12,,195204,-5.1,-4.67,-3.94,-4.52,-5.08,-5.26
195205,3.13,-0.99,0.06,0.13,,195205,2.3,2.04,2.69,3.75,2.79,3.58
195206,3.79,-1.61,1.29,0.15,,195206,1.57,2.76,3.49,3.83,4.33,4.51
195207,1.04,-0.36,-0.42,0.15,,195207,1.1,1.61,-0.08,1.28,0.75,1.61
195208,-0.85,1.16,-0.02,0.15,,195208,0.16,0.75,0.24,-0.73,-0.64,-0.94
195209,-2.08,1.22,-1.65,0.16,,195209,0.54,-0.95,-2.11,-1.78,-1.9,-2.56
195210,-0.67,-1.15,-0.25,0.14,,195210,-1.05,-1.34,-2.06,-0.84,0.26,-0.42
195211,5.8,-0.65,1.02,0.1,,195211,5.41,5.58,6.01,6.18,5.32,7.65
195212,2.96,-1.48,0.1,0.16,,195212,2.04,1.82,1.68,3.22,2.91,3.84
195301,-0.33,3.57,1.18,0.16,,195301,3.66,3.7,3.69,-0.85,-0.24,1.54
195302,-0.3,2.17,-0.06,0.14,,195302,1.38,2.13,1.75,-0.2,-0.14,-0.77
195303,-1.51,-0.04,-1.05,0.18,,195303,-1.59,-1.52,-2.12,-1.15,-1.3,-2.73
195304,-2.9,0.25,1.41,0.16,,195304,-2.86,-2.3,-1.32,-3.04,-2.28,-1.87
195305,0.5,0.02,0.24,0.17,,195305,0.73,0.93,0.78,0.93,0.19,1.28
195306,-1.81,-1.87,-0.53,0.18,,195306,-2.97,-3.5,-3.89,-1.68,-1.19,-1.89
195307,2.37,-0.99,-0.37,0.15,,195307,0.99,1.65,1.37,2.92,2.17,1.82
195308,-4.57,0.39,-3.57,0.17,,195308,-3.22,-5.38,-6.2,-3.98,-3.81,-8.23
195309,0.15,-0.79,-2.54,0.16,,195309,0.22,-0.85,-2.38,0.79,0.42,-1.82
195310,4.57,-1.33,-0.01,0.13,,195310,2.93,3.83,3.29,5,4.28,4.66
195311,2.75,-1.29,-0.37,0.08,,195311,1.47,2.21,1.15,3.35,2.18,3.01
195312,-0.06,-0.77,-2.83,0.13,,195312,0.1,-1.27,-2.64,0.57,0.34,-2.46
195401,4.95,0.59,3.57,0.11,,195401,4.95,6.44,8.27,4.16,5.72,8.08
195402,1.85,-0.36,-0.49,0.07,,195402,1.05,1.57,1.27,1.92,2.21,0.72
195403,3.7,-0.57,-1.45,0.08,,195403,2.63,3.2,2.17,4.3,3.49,1.87
195404,4.17,-3.4,-0.41,0.09,,195404,-0.23,2.3,0.19,5.17,3.54,3.82
195405,3.09,0.38,2.47,0.05,,195405,3.99,4.21,5.08,2.82,2.56,6.79
195406,1.08,0.41,0.01,0.06,,195406,0.48,1.85,1.35,1.81,-0.36,0.93
195407,4.99,1.22,4.54,0.05,,195407,5.37,6.92,9.17,4.21,5.38,9.06
195408,-2.3,2.78,-1.7,0.05,,195408,-0.19,0.24,-1.03,-2.58,-1.43,-5.07
195409,6.34,-2.62,0.1,0.09,,195409,3.19,4.66,4.65,7.09,5.98,6.54
195410,-1.69,0.52,0.39,0.07,,195410,0.48,-0.86,-0.72,-2.26,-0.89,0.36
195411,9.54,-2.82,4.14,0.06,,195411,7.35,9.16,9.24,9.65,7.97,15.83
195412,5.45,2.1,5.69,0.08,,195412,7.85,9.41,11.43,4.13,6.08,11.73
195501,0.63,0.6,2.16,0.08,,195501,1.29,1.31,2.4,0.55,0,3.54
195502,3.05,1.55,0.32,0.09,,195502,3.83,5.44,4.61,2.72,3.38,3.49
195503,-0.22,-0.56,2,0.1,,195503,-0.4,-0.28,0.68,-0.41,-0.14,2.38
195504,3.13,-1.51,0.21,0.1,,195504,0.98,1.3,2.49,4.03,1.82,4.33
195505,1.05,-0.29,-1.09,0.14,,195505,0.57,0.48,0.43,1.55,0.54,0.17
195506,6.49,-4.71,1.5,0.1,,195506,1.95,3.51,3.5,7.03,6.53,8.79
195507,1.9,-1.2,0.64,0.1,,195507,-1.62,1.14,1.25,2.58,1.22,0.37
195508,0.28,-0.64,0.85,0.16,,195508,-0.21,0.51,0.19,0.33,0.37,1.43
195509,-0.38,0.21,-1.21,0.16,,195509,-0.93,-0.54,-0.2,0.06,-0.23,-2.26
195510,-2.75,1.58,-0.23,0.18,,195510,-1.2,-0.89,-1.24,-2.84,-1.86,-3.31
195511,6.98,-2.24,-0.04,0.17,,195511,6.14,4.88,5.17,8.33,4.55,9.73
195512,1.47,1.92,-1.73,0.18,,195512,3.19,2.45,2.56,1.98,1.64,-1.71
195601,-3.02,0.6,0.75,0.22,,195601,-2.18,-2.05,-1.73,-3.63,-1.31,-2.35
195602,3.77,-1.06,0.01,0.19,,195602,2.02,3.67,2.6,4.76,2.79,3.42
195603,6.66,-2.25,-0.37,0.15,,195603,3.94,3.93,4.87,7.88,5.49,5.26
195604,0.31,-0.3,0.06,0.19,,195604,0.99,0.68,0.26,0.06,1.28,0.82
195605,-5.19,1.68,-1.22,0.23,,195605,-3.62,-3.97,-4.64,-5.12,-4.55,-6.63
195606,3.53,-1.45,-1.15,0.2,,195606,1.37,2.49,1.41,4.14,3.27,1.76
195607,4.88,-1.91,0.31,0.22,,195607,2.66,3.61,3.36,4.83,5.8,5.05
195608,-3.07,2.24,-1.54,0.17,,195608,0.57,-0.79,-2.07,-3.04,-2.85,-3.24
195609,-5.17,1.69,1.63,0.18,,195609,-3.03,-3.49,-2.12,-6.24,-3.76,-3.68
195610,0.47,-0.19,-0.1,0.25,,195610,1.2,1.04,0.23,0.7,0.89,1.38
195611,0.54,-0.2,2.11,0.2,,195611,0.29,0.9,2.56,-0.05,2.56,1.22
195612,2.8,-0.26,-2.04,0.24,,195612,4.04,1.51,1.52,2.97,3.62,0.98
195701,-3.4,4.01,2.39,0.27,,195701,-0.28,0.26,2,-4.33,-2.98,-1.7
195702,-2.08,-0.59,-0.32,0.24,,195702,-2.96,-3.31,-2.57,-1.66,-1.74,-3.09
195703,2.14,0.01,-0.31,0.23,,195703,2.21,2.48,2.36,2.73,1.82,1.74
195704,4.25,-1.53,-1.42,0.25,,195704,1.96,2.49,2.04,5.32,4,2.61
195705,3.33,-1.07,-2.08,0.26,,195705,3.13,1.4,1.57,4.53,3.01,1.78
195706,-0.82,0.25,-0.03,0.24,,195706,0.23,-1.24,0.57,0.01,-1.39,-0.35
195707,0.66,-0.39,-0.1,0.3,,195707,0.11,0.78,0.44,1.25,0.57,0.79
195708,-5.21,0.21,-0.62,0.25,,195708,-5.12,-4.46,-4.98,-5.42,-3.2,-6.07
195709,-6.04,0.13,0.92,0.26,,195709,-7.25,-4.83,-5.02,-6.33,-4.35,-6.58
195710,-4.44,-2.58,-1.9,0.29,,195710,-8.12,-5.74,-8.38,-3.74,-3.38,-7.48
195711,2.15,0.18,-2.14,0.28,,195711,3.17,1.42,1.1,3.08,1.99,-0.68
195712,-4.04,-0.74,-1.82,0.24,,195712,-4.13,-4.84,-5.72,-3.86,-2.5,-5.85
195801,4.73,4.2,4.15,0.28,,195801,11.66,10.47,11.93,3.46,5.99,11.73
195802,-1.52,1,-0.18,0.12,,195802,-1.42,-0.52,-0.49,-1.78,-0.52,-2.35
195803,3.26,0.77,-1.09,0.09,,195803,5.72,3.65,3.29,3.39,3.25,3.31
195804,2.96,-0.77,1.85,0.08,,195804,3,1.64,4.26,3.36,2.44,5.4
195805,2.35,2.04,0.01,0.11,,195805,6.26,4.14,4.28,2.06,2.61,3.75
195806,2.92,-0.3,0.58,0.03,,195806,2.01,3.3,2.97,3.15,2.68,3.11
195807,4.43,0.36,3,0.07,,195807,4.28,6.17,7.03,4.42,3.88,7.8
195808,1.83,1.17,0.42,0.04,,195808,4.3,3.13,3.18,1.68,1.89,3.39
195809,4.74,-0.33,3.23,0.19,,195809,5.14,4.29,7.96,4.73,4.3,8.64
195810,2.52,1.23,-1.39,0.18,,195810,6.84,2.84,2.92,2.72,2.68,3.3
195811,2.93,2.04,-1.49,0.11,,195811,7.82,4.2,3.9,3.25,2.17,4.38
195812,5.11,-1.62,-0.76,0.22,,195812,2.73,3.28,3.52,4.95,7.03,3.74
195901,0.75,2.89,3.06,0.21,,195901,4.41,5.17,5.63,-0.6,2.7,4
195902,0.93,1.47,1.16,0.19,,195902,2.47,3.62,2.6,0.54,1.43,2.42
195903,0.27,1.27,-0.11,0.22,,195903,1.63,1.64,1.77,0.67,-0.06,0.33
195904,3.72,-0.83,-1.11,0.2,,195904,3.8,3.38,2.22,4.7,2.52,3.84
195905,1.78,-1.75,1.18,0.22,,195905,-1.39,0.5,1.46,2.73,0.51,3.78
195906,-0.13,0.47,1.41,0.25,,195906,1.78,0.56,1.8,-0.39,0.48,2.05
195907,3.18,-0.22,0.07,0.25,,195907,2.14,2.8,3.57,3.98,2.35,2.99
195908,-1.35,-0.93,-0.03,0.19,,195908,-1.9,-1.2,-2.48,-1.37,-1.02,-0.39
195909,-4.79,0.19,0.44,0.31,,195909,-5.44,-4.55,-4.01,-4.97,-3.31,-5.4
195910,1.23,1.6,-1.93,0.3,,195910,4.14,2.59,1.23,1.38,1.91,0.15
195911,1.56,1.33,-3.42,0.26,,195911,3.93,2.03,0.51,3.04,-0.31,-0.22
195912,2.56,-0.74,-0.05,0.34,,195912,3.39,2.47,2.1,3.02,2.5,4.25
196001,-7.06,2.19,2.8,0.33,,196001,-5.74,-3.1,-3.01,-8.18,-4.46,-5.6
196002,0.96,0.73,-2.02,0.29,,196002,2.41,1.52,0.32,1,2.32,-1.19
196003,-1.56,-0.61,-2.64,0.35,,196003,-2.73,-2.53,-3.53,-0.54,-1.17,-5.13
196004,-1.74,0.17,-1.78,0.19,,196004,-0.14,-2.21,-2.84,-1.46,-1.5,-3.2
196005,3.06,1.35,-3.98,0.27,,196005,5.38,1.8,2.44,4.36,1.34,-0.36
196006,2.07,-0.33,-0.03,0.24,,196006,2.25,2.39,1.7,2.67,1.77,2.62
196007,-2.21,-0.17,1.45,0.13,,196007,-3.15,-1.6,-1.3,-3.34,-0.19,-1.31
196008,2.83,0.44,0.66,0.17,,196008,2.73,3.18,4.06,2.44,4.04,2.46
196009,-5.97,-0.77,0.91,0.16,,196009,-7.36,-5.63,-6.29,-6.67,-4.5,-5.17
196010,-0.68,-3.54,2.19,0.22,,196010,-5.83,-2.72,-2.58,-0.57,-0.14,0.85
196011,4.66,0.41,-2.49,0.13,,196011,7.38,4.64,2.94,5.54,3.82,4.05
196012,4.65,-1.51,-0.52,0.16,,196012,4,3.49,2.48,3.53,7.24,3.69
196101,6.26,0.68,3.72,0.19,,196101,7.58,7.77,9.74,4.83,7.84,10.07
196102,3.57,3.58,-0.98,0.14,,196102,8.12,6.36,6.85,3.88,2.82,3.07
196103,2.89,3.32,-0.99,0.2,,196103,7.45,4.86,5.96,2.34,3.71,2.2
196104,0.41,0.08,1.87,0.17,,196104,1,0.35,2.03,-0.25,0.98,2.49
196105,2.41,2.11,0.22,0.18,,196105,3.76,4.98,4.85,3.15,1.61,2.77
196106,-3.05,-2.45,-0.26,0.2,,196106,-5.78,-4.44,-5.59,-2.08,-3.44,-2.92
196107,2.89,-1.65,-0.78,0.18,,196107,-0.22,1.21,1.28,3.11,3.64,1.15
196108,2.57,-1.59,-0.44,0.14,,196108,0.61,0.37,1.12,3.23,1.98,2.29
196109,-2.04,-1.11,-0.93,0.17,,196109,-5.13,-3.09,-3.37,-1.14,-3.08,-3.65
196110,2.52,-1.85,0.54,0.19,,196110,0.16,3.49,0.11,2.3,3.87,3.16
196111,4.46,1.17,-1.33,0.15,,196111,5.95,5.79,4.62,4.87,4.13,4.22
196112,-0.12,-1.33,2.62,0.19,,196112,-2.09,0.09,0.54,-0.24,0.4,1.81
196201,-3.87,1.62,5.43,0.24,,196201,-1.96,-0.94,2.32,-5.06,-1.8,0.35
196202,1.7,-1.22,1.2,0.2,,196202,0.37,0.84,1.76,1.85,2.36,2.46
196203,-0.77,0.32,-0.84,0.2,,196203,-0.39,-1.06,-0.6,-0.34,-0.32,-2.18
196204,-6.49,-1.01,0.22,0.22,,196204,-7.71,-7.14,-6.86,-6.58,-5.66,-6.14
196205,-8.69,-2.87,2.45,0.24,,196205,-11.51,-9.84,-9.5,-8.99,-6.83,-6.09
196206,-8.47,-0.76,3.06,0.2,,196206,-10.53,-7.61,-6.92,-9.08,-6.87,-6.64
196207,6.34,1.48,-3.82,0.27,,196207,9.33,5.79,6.39,7.99,5.3,3.63
196208,2.11,1.18,-1.22,0.23,,196208,4.66,3.45,2.48,2.76,1.6,2.47
196209,-5.22,-2.43,1.4,0.21,,196209,-8.45,-6.94,-6.23,-5.09,-4.55,-4.35
196210,-0.05,-3.91,1.26,0.26,,196210,-4.98,-3.22,-2.01,0.59,0.68,0.31
196211,10.81,2.38,0.97,0.2,,196211,15.1,13.38,14.18,11.36,9.86,13.86
196212,0.96,-3.9,0.35,0.23,,196212,-3.63,-1.16,-2.38,1.53,1.89,0.82
196301,4.93,2.98,2.76,0.25,,196301,7.77,7.87,10.26,5,4.27,7.22
196302,-2.42,0.33,2.16,0.23,,196302,-2.85,-1.43,-0.27,-2.73,-1.85,-0.96
196303,3.06,-2.68,1.88,0.23,,196303,0.15,1.62,2.2,3.36,3.38,5.22
196304,4.49,-1.38,0.88,0.25,,196304,3.6,2.66,4.9,4.96,4.54,5.73
196305,1.76,1.01,2.46,0.24,,196305,1.58,3.05,5.46,2.28,1.12,3.68
196306,-2.03,-0.18,0.81,0.23,,196306,-1.26,-2.01,-1.54,-2.34,-1.42,-0.42
196307,-0.44,-0.45,-1.17,0.27,,196307,-1.08,-0.6,-1.16,-0.02,0.51,-1.85
196308,5.02,-1.03,1.8,0.25,,196308,4.45,4.35,5.7,5.4,4.67,7.55
196309,-1.46,-0.21,0.08,0.27,,196309,-3.07,-0.53,-1.91,-1.05,-1.72,-1.7
196310,2.48,-0.7,-0.2,0.29,,196310,1.16,1.65,2.58,3.87,1.21,2.04
196311,-0.83,-1.21,1.62,0.27,,196311,-2.86,-1.2,-0.48,-0.28,-1.4,0.48
196312,1.88,-2.17,0.05,0.29,,196312,0.36,0.48,0.25,2.02,2.99,2
196401,2.28,-0.27,1.37,0.3,,196401,0.78,2.78,3.83,2.69,2.75,2.57
196402,1.46,-0.04,2.79,0.26,,196402,1.58,2.14,4.14,1.43,1.7,4.52
196403,1.45,0.94,2.94,0.31,,196403,0.6,4.12,5,0.94,3.01,3.08
196404,0.17,-1.37,-0.67,0.29,,196404,-1.68,-0.38,-1.38,0.46,1.12,-0.77
196405,1.48,-0.75,1.23,0.26,,196405,0.91,1.07,1.86,1.53,1.2,4.04
196406,1.21,-0.31,0.72,0.3,,196406,1.32,1.26,1.94,1.64,1.3,2.37
196407,1.71,0.32,0.75,0.3,,196407,1.32,2.93,2.65,1.9,2.36,2.19
196408,-1.41,-0.09,0.27,0.28,,196408,-1.53,-0.38,-1.22,-1.34,-0.5,-1.2
196409,2.77,-0.56,1.72,0.28,,196409,3.27,2.8,3.55,2.27,3.98,5.6
196410,0.6,0.37,1.08,0.29,,196410,1.19,1.36,2.3,0.5,1.56,1.41
196411,0.02,0.57,-1.99,0.29,,196411,-0.23,-0.36,0.1,0.56,0.76,-3.6
196412,0.06,-0.01,-2.77,0.31,,196412,0.39,-0.82,-1.57,1.1,-0.42,-2.03
196501,3.59,2.29,0.57,0.28,,196501,6.99,5.89,6.61,3.44,3.75,4.67
196502,0.4,3.21,0.34,0.3,,196502,3.65,3.4,4.25,0.15,1.04,0.34
196503,-1.33,1.86,1.18,0.36,,196503,1.11,0.53,1.54,-1.34,-1.19,0.38
196504,3.05,1.13,0.61,0.31,,196504,3.21,4.42,5.26,3.63,2.85,2.89
196505,-0.75,0.08,-1.5,0.31,,196505,-0.06,-0.92,-1.34,-0.28,0.05,-2.23
196506,-5.54,-4.06,0.31,0.35,,196506,-9.81,-8.76,-8.58,-4.26,-5.73,-4.78
196507,1.36,0.7,2.19,0.31,,196507,2.53,3.03,4.12,1.34,1.61,4.17
196508,2.76,2.81,-0.87,0.33,,196508,6.73,4.93,5.11,2.91,2.79,2.49
196509,2.88,0.31,0,0.31,,196509,3.87,3.81,3.79,3.78,2.25,3.65
196510,2.62,2.53,1.84,0.31,,196510,5.97,5.33,6.38,2.8,1.86,5.68
196511,-0.05,4.53,0.4,0.35,,196511,4.02,4.73,4.81,0,-0.16,-0.31
196512,1.02,1.97,2.06,0.33,,196512,3.86,3.62,4.49,0.83,0.88,4.19
196601,0.83,3.92,3.45,0.38,,196601,4.23,5.49,7.03,-0.17,1.16,4.22
196602,-1.21,4.55,0.7,0.35,,196602,3.67,3.12,3.46,-1.62,-0.89,-0.63
196603,-2.47,0.97,-1.97,0.38,,196603,-0.42,-2.99,-2.02,-1.59,-2.82,-3.99
196604,2.14,3.35,-0.48,0.34,,196604,5.64,4.57,5.66,2.44,1.75,1.6
196605,-5.66,-4.22,-2,0.41,,196605,-9.94,-9.79,-10.33,-4.23,-5.08,-7.11
196606,-1.41,1.06,0.61,0.38,,196606,0.81,-0.09,0.13,-2.02,-0.19,-0.2
196607,-1.64,-0.22,0.88,0.35,,196607,-2.02,-1.62,-0.71,-1.64,-0.62,-1.12
196608,-7.95,-3.24,0.36,0.41,,196608,-11.37,-9.8,-10.45,-7.61,-6.51,-7.53
196609,-1.1,-1.1,0.56,0.4,,196609,-2.06,-1,-1.53,-1,0.21,-0.46
196610,3.78,-6.73,2.9,0.45,,196610,-3.86,-0.13,-0.14,3.27,7.25,5.25
196611,1.35,4.15,-4.58,0.4,,196611,7.58,4.8,2.63,3.57,-1.08,-0.63
196612,0.22,1.83,-1.32,0.4,,196612,3.55,2.6,0.44,-0.34,1.41,0.06
196701,8.12,8.04,2.21,0.43,,196701,18.27,16.04,17.55,7.98,6.36,12.39
196702,0.74,3.4,-2.23,0.36,,196702,4.77,2.9,3.12,1.99,-0.35,-0.89
196703,3.95,1.54,0.44,0.39,,196703,6.11,6.49,5.66,4.28,3.8,4.95
196704,3.84,0.62,-2.65,0.32,,196704,5.56,3.89,3.21,6.04,1.86,3.17
196705,-4.26,2.05,0.96,0.33,,196705,-1.47,-0.98,-2.38,-4.96,-3.59,-2.45
196706,2.42,5.75,1.2,0.27,,196706,9.54,8.01,8.31,1.42,2.19,4.37
196707,4.6,3.06,2.46,0.32,,196707,7.24,7.45,10.14,4.92,3.5,7.23
196708,-0.93,0.46,1.35,0.31,,196708,-0.46,0.75,0.61,-0.76,-0.85,1.12
196709,3.11,3.03,-2.47,0.32,,196709,6.71,5.33,4.68,3.83,2.75,1.05
196710,-3.13,1.65,-3.4,0.39,,196710,-0.73,-2.16,-3.48,-1.49,-3.81,-5.49
196711,0.43,0.21,-1.91,0.36,,196711,1.23,1.42,-0.93,1.09,0.29,-0.18
196712,3.04,5.9,-0.58,0.33,,196712,10.95,7.63,8.18,2.19,3.26,4.05
196801,-4.03,3.57,4.05,0.4,,196801,-1.39,0.72,3.34,-6.08,-1.3,-1.53
196802,-3.75,-2.54,0.88,0.39,,196802,-7.3,-5.11,-4.88,-3.29,-2.09,-3.32
196803,0.13,-1.72,-0.22,0.38,,196803,-0.8,-1.08,-0.49,1.81,-0.69,0.42
196804,8.98,5.8,-1.53,0.43,,196804,17.18,14.45,13.12,10.21,5.36,11.9
196805,2.25,6.23,1.11,0.45,,196805,9.72,8.1,8.84,2.47,0.1,5.05
196806,0.72,-0.35,0.76,0.43,,196806,-0.25,1.38,1.54,-0.03,3.64,-0.32
196807,-2.68,-1.52,5.57,0.48,,196807,-5.79,-2.26,0.22,-4.5,0.36,0.41
196808,1.38,2.45,0.92,0.42,,196808,3.96,3.35,4.71,1.17,1.49,2.38
196809,4.02,2.95,0.15,0.43,,196809,7.31,7.01,6.31,3.32,4.28,4.7
196810,0.46,-0.46,2.79,0.44,,196810,-0.51,1.93,1.4,-0.6,1.68,3.22
196811,5.43,2.19,-0.83,0.42,,196811,8.53,8.09,6.79,5.47,5.53,5.46
196812,-3.82,3.64,-0.13,0.43,,196812,0.41,-0.62,-1.04,-4.81,-3.18,-3.4
196901,-1.2,-0.91,1.44,0.53,,196901,-1.81,-0.92,-0.94,-1.81,0.06,0.48
196902,-5.82,-3.89,0.9,0.46,,196902,-10.41,-8.04,-7.52,-3.93,-5.3,-5.06
196903,2.59,0,-0.67,0.46,,196903,3.12,2.14,3.23,3.89,2.72,2.81
196904,1.52,-1,0.14,0.53,,196904,0.94,1.74,1.29,3.21,0.34,2.97
196905,0.02,0.14,0.65,0.48,,196905,-0.31,0.71,0.07,-0.17,0.72,0.9
196906,-7.25,-5.3,-1.09,0.51,,196906,-12.12,-11.06,-11.05,-3.41,-8.07,-6.83
196907,-7.05,-3.2,1.26,0.53,,196907,-11.24,-9.46,-7.29,-4.68,-7.51,-5.93
196908,4.65,0.8,-3.76,0.5,,196908,7.28,5.35,3.65,6.81,4.35,2.62
196909,-2.88,1.06,-3.18,0.62,,196909,-0.54,-1.94,-3.11,-0.53,-3.58,-4.81
196910,4.96,3.6,-3.24,0.6,,196910,10.97,7.89,6.91,6.37,4.48,3.81
196911,-3.74,-2.63,-1,0.52,,196911,-5.61,-5.15,-6.41,-2.02,-3.85,-3.56
196912,-2.61,-4.06,-2.89,0.64,,196912,-5.09,-5.2,-6.68,0.06,-1.74,-4.32
197001,-7.93,2.96,2.98,0.6,,197001,-5.97,-5.14,-2.41,-8.05,-8.56,-5.72
197002,5.05,-2.68,4.06,0.62,,197002,2.73,3.55,6.33,3.82,7.81,7.99
197003,-1.04,-2.24,4.12,0.57,,197003,-5.27,-1.12,0.21,-1.86,1.63,1.21
197004,-11.03,-6.06,6.25,0.5,,197004,-20.75,-13.79,-11.33,-10.5,-9.53,-7.5
197005,-6.96,-4.55,3.08,0.53,,197005,-11.25,-10.46,-7.97,-7.76,-4.26,-4.23
197006,-5.69,-1.99,0.51,0.58,,197006,-8.92,-6.77,-6.22,-5.51,-3.17,-6.74
197007,6.9,-0.67,0.77,0.52,,197007,7.49,6.8,6.82,5.17,9.77,7.77
197008,4.47,1.58,1.16,0.53,,197008,6.16,6.84,6.86,4.15,5.25,5.81
197009,4.21,8.66,-5.54,0.54,,197009,17.09,11.02,9.44,7.21,0.33,3.84
197010,-2.28,-4.3,0.56,0.46,,197010,-6.72,-6.79,-4.14,-0.67,-1.6,-2.72
197011,4.58,-4.13,1.8,0.46,,197011,0.41,1.89,2.66,5.08,5.73,6.21
197012,5.65,2.85,1.12,0.42,,197012,7.8,9.53,9.25,5.38,6.65,5.99
197101,4.82,7.49,1.36,0.38,,197101,10.4,12.88,12.74,4.63,3.81,5.12
197102,1.36,1.82,-1.16,0.33,,197102,4.56,3.43,2.2,2.35,0.38,1.92
197103,4.18,2.47,-3.51,0.3,,197103,8.82,5.26,4.63,5.81,3.04,2.13
197104,3.05,-0.81,0.77,0.28,,197104,3.01,3.74,3.61,3.91,2.65,5.03
197105,-3.93,-1.13,-1.05,0.29,,197105,-4.25,-5.41,-4.95,-2.73,-4.29,-4.61
197106,-0.06,-1.81,-1.53,0.37,,197106,0.68,-1.7,-2.28,1.11,-0.13,-0.06
197107,-4.43,-1.32,-0.1,0.4,,197107,-6.72,-4.44,-5.91,-4.13,-3.64,-4.41
197108,3.78,-0.31,2.85,0.47,,197108,4.35,3.69,6.71,5.49,1.41,6.95
197109,-0.87,0.51,-3.03,0.37,,197109,0.87,-0.71,-2.15,0.34,-1.35,-2.04
197110,-4.44,-1.92,-0.46,0.37,,197110,-5.94,-4.41,-6.61,-3.91,-3.47,-4.42
197111,-0.5,-2.75,-1.93,0.37,,197111,-2.82,-2.48,-4.1,0.87,-0.33,-1.71
197112,8.76,3.05,0.26,0.37,,197112,13.33,11.36,12.27,8.94,8.4,9.54
197201,2.55,6.34,1.89,0.29,,197201,8.82,6.69,10.65,2.62,0.26,4.94
197202,2.88,1.38,-2.44,0.25,,197202,4.68,2.96,2.71,4.53,1.01,0.84
197203,0.6,-0.43,-1.45,0.27,,197203,1.52,-0.06,-0.48,2.22,-1.24,0.1
197204,0.26,-0.05,0.53,0.29,,197204,0.18,1.55,0.47,0.79,0.1,1.15
197205,1.34,-2.67,-3.03,0.3,,197205,-1.6,-1.44,-2.72,2.89,0.71,-1.04
197206,-2.38,0.31,-2.26,0.29,,197206,-3.57,-2.48,-3.11,-1.06,-2.86,-5.27
197207,-0.74,-2.88,0.45,0.31,,197207,-5,-3.12,-2.04,0.57,-1.09,-1.18
197208,3.31,-4.04,4.43,0.29,,197208,-0.79,1.98,2.49,1.48,7.2,7.31
197209,-1.11,-2.96,0.42,0.34,,197209,-3.45,-2.72,-3.17,-0.48,-0.93,0.18
197210,0.47,-2.7,1.15,0.4,,197210,-2.48,-0.08,-1.05,0.52,2.2,1.71
197211,4.61,-1,4.77,0.37,,197211,3.56,5.78,6.35,2.96,6.4,9.78
197212,0.75,-1.97,-2.35,0.37,,197212,-1,-1.03,-2.28,2.67,-0.61,-0.6
197301,-3.21,-3.48,2.63,0.44,,197301,-7.87,-5.13,-3.68,-2.63,-2.08,-1.34
197302,-4.86,-3.75,1.81,0.41,,197302,-10.96,-7.74,-5.86,-3.03,-4.89,-4.83
197303,-1.25,-2.9,2.49,0.46,,197303,-4.34,-2.59,-1.24,-1.23,0.47,1.28
197304,-5.69,-4.17,5.33,0.52,,197304,-11.51,-5.35,-4.99,-6.02,-2.5,-1.35
197305,-2.96,-5.95,0.31,0.51,,197305,-10.15,-7.08,-7.32,-0.87,-1.99,-3.3
197306,-1.38,-2.9,1.42,0.51,,197306,-5.48,-2.85,-2.61,-0.86,-0.28,-0.87
197307,5.07,8.02,-5.08,0.64,,197307,18.28,10.35,8.89,6.44,2.17,5.04
197308,-3.67,-2.05,1.32,0.7,,197308,-4,-5.16,-4.09,-3.22,-2.91,-0.85
197309,4.72,2.98,1.68,0.68,,197309,10.97,9.61,8.48,2.25,9.03,9.06
197310,-0.68,-0.31,1.74,0.65,,197310,-2.58,0.34,0.96,-0.13,-0.18,-0.15
197311,-12.65,-7.7,3.86,0.56,,197311,-22.66,-17.78,-16.15,-12.46,-10.06,-10.98
197312,0.5,-5.36,3.53,0.64,,197312,-2.41,-2.3,-1.29,-1.21,5.5,5.63
197401,-0.19,9.71,6.02,0.63,,197401,7.53,10.13,13.78,-1.06,-1.09,4.61
197402,-0.35,-0.1,2.86,0.58,,197402,0.06,0.34,1.97,-1,1.25,2.04
197403,-2.9,2.48,-0.3,0.56,,197403,-0.41,-0.75,0.46,-1.75,-3.44,-2.76
197404,-5.35,-0.85,1,0.75,,197404,-6.41,-5.82,-3.6,-3.4,-5.86,-4.23
197405,-4.95,-2.82,-1.92,0.75,,197405,-7.14,-7.91,-6.66,-1.82,-5.14,-6.19
197406,-2.89,-0.1,0.67,0.6,,197406,-3.21,-2.52,-1.19,-2.13,-1.7,-2.59
197407,-7.79,0.96,5.06,0.7,,197407,-6.84,-4.23,-2.94,-9.34,-4.37,-2.75
197408,-9.37,-0.74,2.54,0.6,,197408,-9.54,-8.01,-7.3,-10.06,-5.6,-7.08
197409,-11.78,0.36,5.59,0.81,,197409,-11.65,-7.04,-7.3,-13.75,-6.08,-7.1
197410,16.05,-3.18,-9.9,0.51,,197410,14.24,7.6,8.13,21.26,11.05,7.76
197411,-4.64,-1.45,0.16,0.54,,197411,-5.11,-4.36,-5.47,-3.96,-3.41,-3.84
197412,-3.4,-4.92,0.16,0.7,,197412,-7.15,-5.46,-7.66,-3.27,-0.1,-2.53
197501,13.56,10.64,7.65,0.58,,197501,24.6,26.83,30.13,10.64,17.1,21.03
197502,5.43,0.13,-4.7,0.43,,197502,6.55,3.21,3.73,8.12,2.77,1.98
197503,2.61,3.74,3.05,0.41,,197503,7.6,6.82,8.32,2.88,1.48,7.27
197504,4.2,-0.56,-1.2,0.44,,197504,6.44,3.24,3.07,5.76,2.12,6.73
197505,5.08,3.62,-4.08,0.44,,197505,10.16,6.74,6.82,5.76,5.82,0.94
197506,4.75,1.04,1.32,0.41,,197506,6.99,7.46,6.25,4.26,6.41,7.79
197507,-6.52,2.8,1.86,0.48,,197507,-2.95,-2.5,-2.48,-7.51,-3.82,-4.69
197508,-2.84,-3.33,-0.73,0.48,,197508,-4.7,-4.15,-6.62,-2.19,-1.61,-1.94
197509,-4.33,0.01,0.4,0.53,,197509,-4.07,-3.35,-3.42,-3.97,-2.85,-3.79
197510,5.04,-4.15,0.22,0.56,,197510,1.24,3.42,1.98,6.55,5.83,6.59
197511,2.71,-1.25,1.7,0.41,,197511,1.23,2.38,3.71,2.99,3.6,4.25
197512,-1.58,-1.06,2.11,0.48,,197512,-1.55,-0.38,-0.86,-1.78,0.36,0.92
197601,12.13,4.89,8.19,0.47,,197601,14.97,18.44,24.42,10.84,14.6,18.04
197602,0.38,7.13,5.78,0.34,,197602,6.65,7.3,12.14,-1.38,2.02,4.39
197603,2.28,-1.66,0.1,0.4,,197603,1.28,1.54,1.75,2.97,2.96,2.6
197604,-1.47,-0.01,-0.23,0.42,,197604,-0.94,-1,-1.17,-1.59,0.22,-1.55
197605,-1.31,-1.26,-1.43,0.37,,197605,-0.8,-2.03,-3.58,-0.61,-1.6,-0.58
197606,4.01,-1.62,0.61,0.43,,197606,3.86,3.7,3.81,4.36,5.18,5.76
197607,-1.08,0.31,1.74,0.47,,197607,-1.09,0.65,0.71,-1.2,0.21,0.41
197608,-0.56,-2.12,1.01,0.42,,197608,-3.46,-1.32,-1.23,-0.37,1.2,-0.84
197609,2.01,-0.2,-0.16,0.44,,197609,3.56,2.53,2.23,2.21,3.18,2.99
197610,-2.45,0.13,-0.17,0.41,,197610,-2.63,-1.54,-2.09,-2.37,-1.12,-3.28
197611,0.16,2.25,1.54,0.4,,197611,3.7,3.18,3.91,-0.68,2.4,1.99
197612,5.76,2.99,1.94,0.4,,197612,9.49,9.45,10.01,4.71,6.66,8.78
197701,-3.99,4.89,4.17,0.36,,197701,0.8,2.24,3.14,-6.34,-1.56,-0.2
197702,-1.93,1.08,0.51,0.35,,197702,-0.95,-1.15,0.09,-1.81,-1.44,-1.85
197703,-1.3,1.06,0.97,0.38,,197703,0.24,0.75,0.23,-1.71,-0.62,0.5
197704,0.12,-0.04,3.47,0.38,,197704,1.15,1.31,2.52,-1.09,1.98,4.38
197705,-1.45,1.21,0.85,0.37,,197705,-0.68,0.16,0.71,-1.9,-0.07,-1.57
197706,4.74,2.02,-0.63,0.4,,197706,7.49,6.21,6.99,5.63,3.77,4.83
197707,-1.7,2.01,-0.17,0.42,,197707,0.05,-0.06,0.52,-1.56,-1.08,-3.22
197708,-1.78,1.49,-2.72,0.44,,197708,0.76,-0.84,-1.49,0.23,-3.47,-3
197709,-0.27,1.09,-0.08,0.43,,197709,1.54,1.87,0.56,-0.69,1.11,-0.68
197710,-4.42,1.38,1.39,0.49,,197710,-4.02,-2.02,-1.54,-4.42,-3.81,-3.18
197711,4.04,3.66,0.55,0.5,,197711,8.3,7.36,8.07,4.05,3.86,4.81
197712,0.33,1.36,-0.37,0.49,,197712,3.24,1.57,1.57,0.16,0.85,1.12
197801,-6.01,2.28,3.35,0.49,,197801,-4.67,-2.84,-1.19,-6.44,-5.71,-3.39
197802,-1.39,3.56,0.88,0.46,,197802,1.61,2.48,2.54,-2.63,0.35,-1.95
197803,2.87,3.22,1.42,0.53,,197803,6.42,6.6,6.94,2.22,3.6,3.88
197804,7.75,0.22,-3.66,0.54,,197804,9.81,7.41,7.04,11.07,5.53,6.82
197805,1.81,4.51,-0.74,0.51,,197805,7.11,5.86,5.74,1.88,1.11,1.99
197806,-1.62,1.39,0.85,0.54,,197806,-0.96,1.29,0.35,-1.38,-1.6,-1.56
197807,5.11,0.3,-1.33,0.56,,197807,6.97,4.99,5.8,6.96,4.14,5.73
197808,3.69,5.1,-0.3,0.55,,197808,8.22,8.15,8.75,3.57,4.39,2.12
197809,-1.31,-0.3,1.79,0.62,,197809,-1.88,-0.43,-0.62,-2.56,0.98,0
197810,-11.78,-9.95,1.54,0.68,,197810,-23.09,-18.36,-18.64,-9.87,-9.09,-11.45
197811,2.68,2.96,-2.3,0.7,,197811,8.81,5.01,4.31,2.86,3.25,2.91
197812,0.99,1.36,-2.19,0.78,,197812,2.98,2.01,1.99,2.82,0.68,-0.34
197901,4.18,3.47,2.34,0.77,,197901,8.46,7.63,9.49,3.4,5.07,6.8
197902,-3.41,0.5,1.1,0.73,,197902,-3.44,-2.19,-1.91,-3.68,-2.35,-2.9
197903,5.75,2.86,-0.76,0.81,,197903,11.41,8.57,8.46,5.75,5.66,7.59
197904,0.05,2.13,1.19,0.8,,197904,1.66,2.78,3.34,0.12,0.58,0.61
197905,-2.18,0.13,1.12,0.82,,197905,-2.65,-0.73,-0.63,-1.82,-1.25,-1.35
197906,3.88,1.32,1.34,0.81,,197906,5.84,5.61,6.14,3.08,5.52,5.79
197907,0.73,1.28,1.97,0.77,,197907,1.99,4,3.15,0.53,1.79,2.82
197908,5.7,1.95,-1.26,0.77,,197908,9.01,7.31,7.32,6.89,5.44,5.42
197909,-0.69,-0.48,-1.14,0.83,,197909,0.78,-1.11,-1.08,-0.76,0.87,-0.75
197910,-8.13,-3.41,-2.26,0.87,,197910,-9.21,-10.55,-11.29,-6.66,-6.21,-8.34
197911,5.37,2.55,-3.29,0.99,,197911,10.87,6.79,6.77,6.44,5.68,4.09
197912,1.87,4.36,-2.3,0.95,,197912,8.09,5.08,5.13,3.02,1.08,1.94
198001,5.76,1.98,1.33,0.8,,198001,7.72,7.71,8.36,4.89,6.24,7.81
198002,-0.79,-2,0.03,0.89,,198002,-0.39,-2.92,-2.69,-2.99,2,0.61
198003,-13.23,-6.39,-0.73,1.21,,198003,-19.27,-15.9,-17.21,-9,-10.65,-13.12
198004,3.97,0.64,0.94,1.26,,198004,6.06,6.31,5.95,3.73,5.66,6.24
198005,5.2,2.19,0.49,0.81,,198005,7.94,7.88,7.93,5.69,5.46,6.37
198006,3.16,1.41,-1.35,0.61,,198006,5.33,4.31,4.35,3.14,3.37,2.57
198007,6.41,4.45,-6.06,0.53,,198007,13.21,9.53,7.59,9.43,5.28,2.63
198008,1.71,4.06,-2.33,0.64,,198008,8.47,4.97,3.63,2.09,1.4,1.8
198009,2.2,1.14,-4.4,0.75,,198009,5.18,2.95,0.99,4.07,3.27,-0.94
198010,1.05,2.59,-2.59,0.95,,198010,5.81,2.32,3.17,1.83,2.9,-0.98
198011,9.53,-3.21,-8.14,0.96,,198011,12.63,4.51,2.5,11.49,13.4,4.76
198012,-4.75,-0.29,2.88,1.31,,198012,-5.27,-1.88,-1.34,-2.09,-4.76,-0.64
198101,-5.05,2.78,6.71,1.04,,198101,-3.77,0.76,2.18,-5.92,-5.34,1.64
198102,0.48,-0.15,1.11,1.07,,198102,-0.68,2.36,2.8,2.83,1.28,1.4
198103,3.41,3.48,0.69,1.21,,198103,7.67,7.8,7.56,3.85,3.6,5.12
198104,-2.2,4.28,2.56,1.08,,198104,2.55,3.61,3.82,-2.18,-2.14,1.07
198105,0.2,1.56,-0.39,1.15,,198105,4.93,2.9,1.64,0.77,-0.48,3.17
198106,-2.37,-1.03,5.12,1.35,,198106,-5.69,0.83,1.33,-3.1,2.11,0.11
198107,-1.55,-1.92,-0.52,1.24,,198107,-2.78,-2.37,-1.61,1.31,-0.59,-1
198108,-6.91,-2.1,4.6,1.28,,198108,-9.96,-5.9,-4.75,-6.81,-5.46,-2.56
198109,-7.61,-2.8,5.51,1.24,,198109,-10.23,-6.56,-4.93,-6.33,-6.02,-1.29
198110,4.81,2.34,-3.95,1.21,,198110,10.39,6.67,5.79,8.04,3.87,4.42
198111,3.51,-1.13,1.86,1.07,,198111,0.85,4.87,4.63,4.17,5.08,4.2
198112,-3.68,1.25,0.84,0.87,,198112,-2.33,-0.86,-1.52,-3.15,-2.73,-2.4
198201,-3.42,-1.2,3.4,0.8,,198201,-4.71,-3.31,-0.79,-1.93,-3.7,0.46
198202,-6.03,0.47,6.15,0.92,,198202,-7.34,-3.12,-0.66,-7.32,-3.43,-1.94
198203,-1.99,-0.18,3.95,0.98,,198203,-2.29,-0.45,1.56,-1.92,-0.55,1.87
198204,3.2,1.58,-2.77,1.13,,198204,6.46,5.66,4.15,5.77,3.49,2.58
198205,-3.88,0.61,2.12,1.06,,198205,-3.54,-2.23,-0.9,-3.48,-2.22,-2.36
198206,-3.35,-0.36,1.86,0.96,,198206,-3.5,-1.63,-1.31,-2.46,-1.18,-1.79
198207,-3.1,0.77,0.58,1.05,,198207,-2.38,-0.47,-0.97,-0.69,-4.11,-1.74
198208,11.14,-4.14,1.12,0.76,,198208,8.12,8.88,8.1,10.97,13.25,13.34
198209,1.17,2.94,0.24,0.51,,198209,2.67,4.79,5.17,1.92,1.95,0.11
198210,11.27,2.54,-3.86,0.59,,198210,15.82,13.05,11.79,12.74,11.22,9.62
198211,4.56,4.62,-2.15,0.63,,198211,9.88,8.52,9.21,7.05,2.4,3.96
198212,0.78,-0.17,-0.08,0.67,,198212,1.17,1.1,0.98,1.16,1.11,1.59
198301,3.46,2.68,-0.6,0.69,,198301,9.64,5.42,4.77,2.79,3.24,5.96
198302,2.43,3.15,0.66,0.62,,198302,4.21,6.54,7.12,3.63,2.41,2.26
198303,2.84,1.87,1.79,0.63,,198303,2.65,6.42,6.05,2.46,4.39,2.95
198304,6.72,0.36,0.39,0.71,,198304,7.78,7.91,7.5,5.68,9.03,7.21
198305,0.62,6.3,-1.65,0.69,,198305,7.92,5.32,4.98,-0.13,0.09,-0.11
198306,3.13,0.99,-3.86,0.67,,198306,5.74,4.38,2.37,5.23,3.58,0.61
198307,-3.91,1.54,5.55,0.74,,198307,-5.74,-0.06,1.29,-5.22,-2.75,-1.13
198308,-0.4,-4.39,5.22,0.76,,198308,-4.8,-2.88,-0.33,-1.33,0.89,5.33
198309,0.87,0.63,1.11,0.76,,198309,0.11,2.61,3.93,2.57,1.6,0.68
198310,-3.53,-3.57,4.96,0.76,,198310,-8.98,-4.36,-2.24,-3.52,-0.84,-0.5
198311,2.23,1.89,-0.82,0.7,,198311,4.78,4.34,4.26,2.89,2.54,1.79
198312,-1.77,-0.31,1.75,0.73,,198312,-3.19,-0.4,0.24,-0.75,-1.07,-0.68
198401,-2.05,-0.47,7.77,0.76,,198401,-4.17,-0.34,2.13,-5.3,0.47,3.64
198402,-4.63,-1.69,3.42,0.71,,198402,-6.9,-5.07,-3.36,-4.81,-4.22,-1.33
198403,0.62,0.04,0.22,0.73,,198403,0.18,1.3,2.37,1.64,1.56,0.35
198404,-0.54,-1.05,1.36,0.81,,198404,-1.15,0.02,0.06,0.35,0.25,1.76
198405,-6.02,0.04,0.52,0.78,,198405,-5.93,-4.82,-4.25,-4.8,-4.58,-5.83
198406,1.61,-0.16,-2.32,0.75,,198406,4.55,2.27,1.02,4.38,1.61,2.5
198407,-2.86,-2.41,0.24,0.82,,198407,-5.57,-2.98,-3.41,-0.94,-1.76,-2.36
198408,10.43,-0.18,-1.63,0.83,,198408,13.35,10.16,9.66,11.22,11.08,11.61
198409,-0.82,-0.15,5.22,0.86,,198409,-2.67,1.41,2.3,-2.37,-0.42,3.17
198410,-0.99,-1.12,0.52,1,,198410,-2.21,-0.37,0.23,0.75,0.87,-0.53
198411,-1.79,-0.59,3.98,0.73,,198411,-4.49,-0.29,0.25,-2.2,-1.28,0.91
198412,1.74,-0.57,-0.27,0.64,,198412,1.99,1.72,2.13,2.64,2.72,2.18
198501,7.92,3.2,-4.97,0.65,,198501,14.8,9.82,8.64,10.11,8.08,5.65
198502,1.12,0.87,0.05,0.58,,198502,2.94,2.72,1.88,1.32,1.64,2.27
198503,-0.81,-1,3.88,0.62,,198503,-3.26,-1.18,1.38,-1.28,-0.73,2.25
198504,-0.94,0.05,3.58,0.72,,198504,-1.99,-0.04,1.73,-1.83,-0.76,1.94
198505,4.93,-2.49,-0.91,0.66,,198505,4.17,4.07,3.07,6.03,7.08,5.13
198506,1.17,0.58,0.43,0.55,,198506,1.38,2.53,2.49,1.5,1.81,1.42
198507,-0.67,2.93,-1.96,0.62,,198507,2.68,2.48,1.23,0.26,-0.82,-1.65
198508,-1.03,-0.42,2.08,0.55,,198508,-1.99,0.06,0.16,-1.51,-0.1,0.82
198509,-4.57,-1.84,1.13,0.6,,198509,-7.25,-4.33,-4.26,-3.82,-2.72,-4.44
198510,3.81,-1.61,0.55,0.65,,198510,3.19,3.9,2.88,4.04,5.33,5.67
198511,6.32,0.15,-2.92,0.61,,198511,7.65,7.02,6.2,9.03,6.57,4.86
198512,3.66,-0.69,-1.63,0.65,,198512,4.87,4.16,3.43,5.71,3.6,4.45
198601,0.43,1.17,0.11,0.56,,198601,2.38,1.51,2.47,0.77,0.47,1.59
198602,6.75,-0.59,-0.69,0.53,,198602,7.28,7.14,7.07,7.94,8.28,6.97
198603,4.79,-0.53,-0.19,0.6,,198603,4.25,5.27,5.06,6.25,5.76,4.49
198604,-1.32,2.91,-2.74,0.52,,198604,2.29,1.02,0.46,0.54,-1.79,-3.21
198605,4.59,-1.18,-0.07,0.49,,198605,3.39,5.39,3.4,5.42,5.5,5.09
198606,0.91,-0.99,1.43,0.52,,198606,-0.05,0.86,1.92,1.86,1.11,2.62
198607,-6.49,-3.4,4.45,0.52,,198607,-10.69,-8.75,-5.81,-7.16,-5.33,-2.39
198608,6.18,-4.29,3.46,0.46,,198608,2.14,3.57,4.46,4.78,8.34,9.59
198609,-8.36,2.52,3.42,0.45,,198609,-8.22,-4.67,-4.77,-10.06,-7.23,-7.71
198610,4.48,-2.49,-1.46,0.46,,198610,4.34,2.8,1.65,5.63,5.51,5.31
198611,1.13,-2.14,-0.42,0.39,,198611,0.04,-0.55,0.34,1.92,2.23,1.69
198612,-3.14,-0.06,0.21,0.49,,198612,-3.17,-2.73,-1.98,-2.41,-2.92,-2.94
198701,12.42,-1.67,-2.95,0.42,,198701,12.46,10.97,9.35,13.9,13.33,11.14
198702,4.33,3.7,-5.74,0.43,,198702,9.48,6.81,5.18,7.42,3.84,-0.27
198703,1.85,0.41,1.72,0.47,,198703,1.36,2.77,3.56,1.64,2.5,2.23
198704,-2.15,-1.66,-0.43,0.44,,198704,-2.69,-3.06,-3.48,-1.84,-0.97,-1.45
198705,0.14,-0.45,0.42,0.38,,198705,-0.41,-0.12,0.65,1.52,-0.35,0.59
198706,3.9,-2.13,1.08,0.48,,198706,1.53,3.25,3.62,4.63,5.26,4.66
198707,3.95,-0.52,1.18,0.46,,198707,2.19,3.23,5.85,5.55,3.68,3.41
198708,3.25,-0.86,-1.15,0.47,,198708,2.77,3.84,2.76,4.68,4.26,2.88
198709,-2.52,0.53,0.06,0.45,,198709,-2.56,-1.17,-1.43,-1.99,-2.34,-2.54
198710,-23.09,-8.4,4.17,0.6,,198710,-32.11,-27.61,-27.73,-23.15,-20.48,-18.94
198711,-7.64,2.65,3.09,0.35,,198711,-7.02,-3.94,-3.41,-8.72,-7.62,-5.91
198712,6.65,0.06,-4.3,0.39,,198712,9.15,7.05,4.41,9.08,6.39,4.76
198801,4.24,-0.68,5.39,0.29,,198801,2.28,4.82,6.65,2.08,5.43,8.28
198802,4.7,3.28,-1.62,0.46,,198802,8.33,7.91,7.19,5.4,4.75,3.21
198803,-2.15,6.21,0.93,0.44,,198803,3.61,3.86,3.29,-3.15,-3.26,-1.06
198804,0.64,0.83,1.52,0.46,,198804,1.36,1.84,2.42,-0.65,2.14,1.25
198805,-0.42,-2.7,2.4,0.51,,198805,-2.89,-1.82,-0.51,0.02,0.6,2.3
198806,4.65,1.87,-1.45,0.49,,198806,7.51,6.97,5.96,4.89,5.67,3.98
198807,-1.23,-0.24,2.27,0.51,,198807,-2.45,-0.09,0.36,-1.55,-0.34,0.18
198808,-3.38,0.06,1.96,0.59,,198808,-4,-1.75,-1.22,-2.96,-3.08,-1.48
198809,3.11,-1.25,-0.75,0.62,,198809,2.63,2.89,2.48,5.03,3.48,3.63
198810,1.16,-2.73,1.73,0.61,,198810,-2.02,-0.02,0.47,2.23,1.94,2.96
198811,-2.21,-1.62,1.35,0.57,,198811,-3.75,-2.52,-2.55,-1.71,-1.83,-0.4
198812,1.45,1.89,-1.42,0.63,,198812,4.03,3.78,3.07,2.76,1.55,0.83
198901,6.04,-2.21,0.47,0.55,,198901,4.37,4.52,5.44,7.03,6.48,6.97
198902,-2.25,2.85,0.8,0.61,,198902,0.45,0.76,1.43,-2.33,-2.06,-1.46
198903,1.48,0.59,0.33,0.67,,198903,2.5,3,3.33,2.51,1.64,2.49
198904,4.18,-0.65,-1.67,0.67,,198904,4.9,4.36,3.83,5.95,4.78,3.87
198905,3.17,-0.08,-1.05,0.79,,198905,4.66,3.63,3.93,4.74,3.58,3.91
198906,-1.21,-0.96,2.18,0.71,,198906,-2.87,-0.76,-0.02,-0.97,-0.29,0.33
198907,7.07,-4.19,-2.96,0.7,,198907,4.4,4.2,3.34,10.65,7.17,6.24
198908,1.49,0.52,0.67,0.74,,198908,2.75,2.76,2.54,1.05,2.93,2.47
198909,-0.83,0.34,-1.32,0.65,,198909,1.47,0.14,-0.81,0.47,-0.89,0.14
198910,-3.62,-3.01,-0.88,0.68,,198910,-5,-5.7,-6.42,-1.3,-3.94,-2.2
198911,1.1,-1.28,-1.23,0.69,,198911,0.75,0.83,-0.13,2.38,1.71,0.99
198912,1.22,-2.31,0.18,0.61,,198912,0.11,-0.34,-0.27,1.69,2.47,2.5
199001,-7.58,-1,1,0.57,,199001,-9.2,-7.54,-7.79,-7.43,-6.29,-7.14
199002,0.93,0.91,0.53,0.57,,199002,3.27,2.53,2.16,0.39,2.08,2.6
199003,1.78,1.25,-2.85,0.64,,199003,4.28,3.76,2.19,4.09,1.55,0.42
199004,-3.51,-0.23,-2.31,0.69,,199004,-2.87,-2.98,-4.35,-0.95,-3.44,-4.51
199005,8.21,-2.9,-3.87,0.68,,199005,8.41,6.24,4.04,10.74,8.76,7.49
199006,-1.06,1.16,-2.22,0.63,,199006,1.23,0.35,-0.06,1.29,-2.4,-1.56
199007,-1.62,-2.9,-0.36,0.68,,199007,-4.45,-3.62,-3.96,-1.29,-0.08,-1.57
199008,-9.83,-3.34,1.63,0.66,,199008,-14.65,-12.06,-11.26,-9.67,-7.95,-9.87
199009,-5.99,-3.62,0.56,0.6,,199009,-10.22,-8.18,-8.26,-5.72,-3.76,-6.5
199010,-1.92,-5.76,0.27,0.68,,199010,-5.95,-5.39,-5.93,0.38,-2,0.67
199011,6.03,0.27,-2.87,0.57,,199011,8.75,6.46,4.93,7.36,6.81,5.38
199012,2.35,0.88,-1.63,0.6,,199012,4.16,3.48,2.82,3.74,2.45,2
199101,4.38,3.58,-1.65,0.52,,199101,9.24,8.29,7.72,6.28,3.24,4.38
199102,7.09,3.87,-0.98,0.48,,199102,11.59,10.24,11.2,7.82,6.51,7.22
199103,2.44,3.9,-1.22,0.44,,199103,7.76,5.29,6.6,4.02,1.15,2.73
199104,-0.19,0.62,1.52,0.53,,199104,-0.69,1.54,1.64,-0.25,0.86,0.49
199105,3.59,-0.37,-0.56,0.47,,199105,4.26,4.87,2.63,4.68,2.97,5.28
199106,-4.84,0.19,1.2,0.42,,199106,-5.19,-3.16,-4.11,-4.85,-4.36,-3.39
199107,4.19,-0.72,-1,0.49,,199107,4.24,3.45,2.98,5.43,4.06,4.01
199108,2.23,1.53,-0.98,0.46,,199108,4.43,3.12,4.22,3.37,1.76,1.89
199109,-1.57,1.57,-1.13,0.46,,199109,1.28,0.66,-1.14,-2.15,0.03,-1.97
199110,1.35,0.85,-0.61,0.42,,199110,3.14,2.57,2.06,1.52,1.65,1.88
199111,-4.12,-0.47,-1.8,0.39,,199111,-4.87,-3.77,-5.49,-2.51,-4.58,-5.61
199112,10.32,-2.4,-3.9,0.38,,199112,10.17,6.72,7.43,14.45,7.69,9.1
199201,-0.51,8.49,4.72,0.34,,199201,7.46,7.45,10.52,-2.29,-1.44,3.92
199202,1.05,0.78,6.62,0.28,,199202,0.71,2.83,7.04,0.37,0.8,6.85
199203,-2.71,-1.35,3.59,0.34,,199203,-6.21,-1.26,-0.66,-2.77,-1.25,-1.13
199204,1.06,-6.03,4.37,0.32,,199204,-5.57,-2.36,-0.96,0.17,5.01,4.14
199205,0.37,0.42,1.17,0.28,,199205,-0.65,0.91,2.41,0.91,0.43,0.14
199206,-2.24,-3.16,3.28,0.32,,199206,-6.14,-3.23,-2.73,-2.46,-1.03,0.63
199207,3.68,-0.28,-0.4,0.31,,199207,2.58,3.4,3.66,4.33,4.61,2.05
199208,-2.34,-0.04,-1.07,0.26,,199208,-4.24,-1.63,-2.54,-1.1,-2.14,-4.9
199209,0.98,0.71,-0.09,0.26,,199209,1.43,2.41,1.51,1.67,0.89,1.21
199210,0.86,2.22,-2.06,0.23,,199210,4.4,2.54,1.75,2.39,-0.88,0.92
199211,3.79,3.39,-1.66,0.23,,199211,9.71,6.37,6.5,4.57,2.56,4.58
199212,1.48,1.62,2.43,0.28,,199212,2.61,3.59,4.91,0.69,2.09,3.43
199301,1.01,1.98,5.96,0.23,,199301,1.25,4.04,6.41,-1.1,1.52,5.36
199302,0.33,-3.38,6.43,0.22,,199302,-6.42,-0.02,1.15,-2.34,4.1,3.08
199303,2.25,0.49,1.27,0.25,,199303,2.17,2.58,3.69,1.76,3.08,2.72
199304,-2.79,-0.49,2.64,0.24,,199304,-3.67,-2.57,-2.57,-5.03,-0.84,-0.92
199305,2.72,2.07,-3.48,0.22,,199305,6.73,3.2,3.11,3.98,2.33,0.69
199306,0.26,-0.23,2.54,0.25,,199306,0.73,0.62,1.34,-1.03,1.16,3.39
199307,-0.32,1,3,0.24,,199307,-0.33,1.44,2.18,-2.24,1.09,1.68
199308,3.68,0.12,0.04,0.25,,199308,3.96,4.66,3.32,3.62,4.07,3.44
199309,-0.2,3.05,-0.24,0.26,,199309,3.22,2.37,2.55,-0.7,0.48,-1.01
199310,1.59,1.78,-2.3,0.22,,199310,3.89,1.64,2.59,2.99,-0.21,1.08
199311,-1.98,-1.48,-1.01,0.25,,199311,-3.26,-2.77,-2.18,-0.05,-2.57,-1.49
199312,1.71,1.23,0.27,0.23,,199312,2.59,3.91,2.66,1.4,1.72,2.45
199401,2.88,0.31,1.5,0.25,,199401,1.91,2.79,5.49,1.98,4.51,2.95
199402,-2.62,2.66,-1.46,0.21,,199402,-0.86,0.81,-0.99,-1.66,-3.08,-4.37
199403,-4.84,-0.96,1.5,0.27,,199403,-6.2,-4.82,-4.36,-4.71,-3.8,-3.94
199404,0.71,-0.86,1.48,0.27,,199404,-0.78,0.67,1.4,0.37,2,1.49
199405,0.63,-2.01,0.33,0.32,,199405,-2.55,-1.05,0.13,1.5,1.82,-0.91
199406,-3.05,-0.44,1.99,0.31,,199406,-4.68,-1.97,-2.07,-3.03,-2.15,-2.22
199407,2.76,-1.73,1.03,0.28,,199407,1.48,1.49,2.28,3.08,3.29,4.18
199408,3.91,1.17,-2.85,0.37,,199408,7.52,4.29,3.95,5.88,3.02,2.48
199409,-2.24,2.6,-1.35,0.37,,199409,0.55,-0.18,-0.46,-1.13,-3.24,-3.72
199410,1.11,-2.42,-1.45,0.38,,199410,0.64,-0.15,-1.99,2.34,2.39,0.26
199411,-4.08,-0.14,0.02,0.37,,199411,-3.67,-3.34,-3.71,-2.93,-4.45,-2.98
199412,0.84,0.1,0,0.44,,199412,0.63,2.09,1.29,1.41,1.2,1.27
199501,1.64,-3.03,2.54,0.42,,199501,-1.12,-0.11,0.97,2.21,2.9,3.48
199502,3.56,-0.34,0.11,0.4,,199502,3.54,3.37,4.32,4.01,4.15,3.99
199503,2.24,-0.47,-1.9,0.46,,199503,2.74,1.98,0.98,2.98,3.13,0.54
199504,2.05,-0.46,2.13,0.44,,199504,1.14,2.96,3.19,2.09,3.1,3.44
199505,2.87,-2.08,1.75,0.54,,199505,0.75,1.9,2.93,3.55,3.58,5.23
199506,2.61,2.93,-2.91,0.47,,199506,7.1,4.9,3.91,3.89,1.71,1.22
199507,3.62,2.2,-2.12,0.45,,199507,7.86,4.73,4.73,3.97,4.01,2.69
199508,0.46,1.71,2.04,0.47,,199508,2.17,2.91,3.87,0.1,1.16,2.23
199509,3.21,-2.19,-0.64,0.43,,199509,2.56,1.88,1.52,4.87,3.21,3.85
199510,-1.58,-4.12,0.35,0.47,,199510,-5.72,-4.85,-3.64,0.5,-1.3,-1.87
199511,3.88,-0.8,0.23,0.42,,199511,3.66,3.34,3.98,3.97,5.2,4.21
199512,1.05,0.48,1,0.49,,199512,1.94,2.53,2.17,0.41,2.36,2.72
199601,2.38,-2.55,0.42,0.43,,199601,-0.29,0.31,1.1,3.02,3.25,2.68
199602,1.22,2.06,-1.97,0.39,,199602,4.64,2.59,2.25,1.87,1.7,-0.18
199603,0.73,1.25,1.05,0.39,,199603,2.1,2.73,2.88,0.19,1.64,1.97
199604,2.05,5.02,-4.29,0.46,,199604,8.68,4.64,4.42,2.79,1.24,-0.82
199605,2.25,3.24,-1.46,0.42,,199605,6.09,4.46,5.31,3.76,0.82,1.7
199606,-1.17,-3.99,2.53,0.4,,199606,-6.55,-2.36,-2.33,0.06,-0.12,0.01
199607,-5.79,-3.59,4.48,0.45,,199607,-13.76,-6,-5.47,-5.52,-3.73,-5.21
199608,2.81,2.29,-0.62,0.41,,199608,7.03,4.58,4.53,2.05,3.85,3.43
199609,4.86,-0.85,-3.76,0.44,,199609,5.23,2.7,2.82,6.8,4.71,1.68
199610,0.97,-4.03,4.62,0.42,,199610,-5.06,-0.04,1.2,0.7,3.58,4.04
199611,6.16,-3.46,0.09,0.41,,199611,1.86,4.66,3.59,7.23,7.86,5.77
199612,-1.6,3.14,1.08,0.46,,199612,0.81,2.68,1.94,-1.72,-1.36,-0.92
199701,4.85,-1.58,-2.54,0.45,,199701,4.23,2.82,3.12,6.59,5.16,3
199702,-0.48,-2.54,4.83,0.39,,199702,-6.12,-0.26,1.3,0.03,0.4,2.12
199703,-4.87,-0.32,3.85,0.43,,199703,-8.38,-3.21,-1.72,-5.51,-2.58,-4.43
199704,3.82,-5.14,-1.2,0.43,,199704,-3.13,0.6,-0.14,6.73,4.44,1.61
199705,6.64,4.62,-4.09,0.49,,199705,15.34,9.74,7.85,6.99,5.88,5.89
199706,4.05,1.36,0.83,0.37,,199706,3.8,5.74,6.51,4.18,4.63,2.75
199707,7.2,-2.37,-0.69,0.43,,199707,4.93,5.5,5.42,7.73,9.04,6.41
199708,-4.06,7.44,0.9,0.41,,199708,3.87,3.22,3.13,-5.8,-3.34,-2.94
199709,5.36,2.58,-0.38,0.44,,199709,8.95,7.87,7.88,5.09,5.95,5.66
199710,-3.83,-0.93,2.53,0.42,,199710,-6.05,-3.42,-2.29,-3.44,-3.12,-2.67
199711,2.72,-5.05,1.05,0.39,,199711,-3.07,-0.77,0.37,4.83,3.42,3.29
199712,1.32,-2.33,3.6,0.48,,199712,-2.21,1.14,2.23,1.02,2.92,4.2
199801,0.01,-1.01,-1.67,0.43,,199801,-0.33,-1.54,-0.73,2.94,-2.19,-0.28
199802,6.89,0.29,-1.23,0.39,,199802,8.28,7.07,7.16,7.21,7.76,6.83
199803,4.75,-1.45,1.92,0.39,,199803,4.5,4.51,4.75,4.61,5.18,7.61
199804,0.66,0.41,0.22,0.43,,199804,0.8,1.48,2.22,1.16,1.57,0.39
199805,-2.95,-3.62,4.29,0.4,,199805,-7.45,-4.59,-2.53,-2.57,-2.37,1.03
199806,2.86,-3.4,-1.54,0.41,,199806,0.72,-0.89,0.31,5.83,1.56,2.49
199807,-2.72,-4.51,-1.79,0.4,,199807,-7.69,-7.79,-6.65,-0.44,-3.27,-3.85
199808,-16.11,-5.92,5.69,0.43,,199808,-24.1,-18.7,-17.12,-14.46,-17.48,-11.29
199809,5.95,0.02,-3.76,0.46,,199809,8.69,5.55,2.9,7.68,4.03,5.93
199810,7.11,-3.36,-2.85,0.32,,199810,4.85,3.6,2.79,8.24,7.74,4.81
199811,5.86,1.36,-3.68,0.31,,199811,9.08,5.51,5.34,7.03,5.58,3.78
199812,5.94,-0.31,-4.95,0.38,,199812,6.84,3.26,2.76,8.7,1.78,3.11
199901,3.47,1.15,-6.16,0.35,,199901,4.67,1.2,0.43,5.65,-0.65,-0.97
199902,-4.15,-5.59,1.66,0.35,,199902,-9.26,-6.94,-8.08,-4.26,-1.17,-2.15
199903,3.32,-3.82,-3.04,0.43,,199903,0.16,0.16,-2.68,4.2,3.57,1.15
199904,4.47,2.89,2.8,0.37,,199904,10.08,9.77,8.63,1.72,9.47,8.17
199905,-2.39,3.46,3.08,0.34,,199905,1.33,1.57,4.47,-2.55,-0.85,-0.25
199906,4.72,3.42,-4.33,0.4,,199906,6.39,5.87,6,6.72,2.62,-0.96
199907,-3.45,2.01,0.7,0.38,,199907,-1.25,-0.88,-0.46,-3.13,-3.48,-2.73
199908,-1.35,-1.16,-1.26,0.39,,199908,-2.92,-3.04,-2.93,-0.26,-2.6,-2.16
199909,-2.68,3.23,-3.18,0.39,,199909,0.82,-0.83,-2.51,-1.96,-5.5,-4.76
199910,5.8,-6.53,-3.19,0.39,,199910,1.17,-0.57,-3.09,7.01,5.7,4.83
199911,3.2,7.71,-8.09,0.36,,199911,12.78,6.04,3.42,4.12,-2.46,-1.99
199912,7.83,6.98,-9.05,0.44,,199912,17.95,8.34,5.8,7.79,2.03,1.87
200001,-4.43,4.08,-0.16,0.41,,200001,0.66,-0.09,-0.15,-4.78,-3.82,-3.91
200002,2.55,21.49,-12.03,0.43,,200002,28.58,15.19,11.39,1.16,-4.55,-7.01
200003,5.13,-16.69,7.81,0.47,,200003,-13.73,-3.56,-1.2,8.71,10.67,11.95
200004,-6.24,-7.53,8.59,0.46,,200004,-14.21,-5.55,-4.23,-4.25,-1.26,4.14
200005,-4.27,-5.86,5.38,0.5,,200005,-7.75,-5.49,-3.49,-3.34,0.94,-0.02
200006,4.67,13.31,-8.78,0.4,,200006,17.18,8.84,7.91,4.87,-5.83,-5.48
200007,-2.23,-2.71,8.82,0.48,,200007,-7.2,1.45,2.25,-2.96,3.36,4.37
200008,7.09,-0.6,-2.06,0.5,,200008,8.44,5.58,6.3,7.54,8.82,7.05
200009,-5.64,-2.1,7.74,0.51,,200009,-7.06,-0.2,-1.03,-6.19,1.95,1.43
200010,-2.98,-3.78,5.06,0.56,,200010,-8.09,-1.05,-1.83,-2.16,0.78,1.29
200011,-10.64,-3.35,13.11,0.51,,200011,-16.18,-4.27,-2.47,-10.89,-3.15,0.38
200012,1.44,1.67,6.33,0.5,,200012,2.75,9.34,8.15,-0.26,9.22,6.51
200101,3.3,6.98,-5.83,0.54,,200101,12.31,5.16,6.35,3.71,1.08,-1.62
200102,-10.17,-1.19,13.75,0.39,,200102,-12.17,-0.47,0.46,-11.58,-0.46,3.19
200103,-7.34,0.56,6.23,0.44,,200103,-7.31,-1.41,-1.18,-8.15,-1.62,-1.82
200104,7.94,0.2,-4.45,0.39,,200104,10.02,4.97,5.02,8.89,5.42,5.04
200105,0.76,2.96,2.79,0.32,,200105,4.08,4.42,6.25,0.43,1.72,3.77
200106,-2.01,6.8,-2.79,0.28,,200106,6.53,5.06,2.15,-1.9,-1.95,-1.79
200107,-2.08,-4,5.17,0.3,,200107,-9.21,-4.03,-1.08,-1.69,-1.32,1.06
200108,-6.22,1.88,3.8,0.31,,200108,-7.43,-2.41,-1.22,-6.94,-3.96,-6.7
200109,-9.35,-6.45,1.77,0.28,,200109,-17.18,-12.79,-14.35,-8.28,-8.91,-7.74
200110,2.5,6.87,-7,0.22,,200110,11.21,5,4.36,3.29,0.75,-3.98
200111,7.65,0.51,0.59,0.17,,200111,9.17,7.18,8.96,8.24,5.83,9.99
200112,1.61,4.77,0.98,0.15,,200112,6.63,6.75,6.85,0.77,2.99,1.28
200201,-1.77,0.96,3.4,0.15,,200201,-5.12,1.16,2.71,-0.87,-1.94,-1.7
200202,-2.28,-1.65,3.8,0.15,,200202,-8.13,-1.18,-0.43,-2.57,0.15,-2.35
200203,4.25,4.27,0.95,0.15,,200203,8.98,7.49,10.02,3.62,5.16,4.86
200204,-5.06,5.85,4.08,0.15,,200204,-3.51,2.83,3.92,-6.9,-1.47,-5.92
200205,-1.22,-3.48,1.99,0.15,,200205,-6.47,-3.68,-2.51,-1.36,0.16,-0.25
200206,-7.16,3.3,2.05,0.15,,200206,-7.59,-2.75,-2.33,-7.34,-6.48,-9.54
200207,-8.26,-5.32,-3.2,0.15,,200207,-14.56,-14.23,-14.83,-6.01,-9.31,-12.95
200208,0.63,-2.3,2.42,0.14,,200208,-0.56,0.52,-0.82,0.25,0.74,4.83
200209,-10.12,2.65,1.33,0.14,,200209,-8.67,-7.61,-6.56,-10.56,-10.29,-10.22
200210,7.31,-3.04,-6.46,0.14,,200210,6.89,4,-0.29,9.61,6.56,3.6
200211,6.01,3.24,-2.04,0.12,,200211,13.95,7.39,7.71,5.07,6.45,8.14
200212,-5.45,-0.58,4.08,0.11,,200212,-9.12,-4.07,-3.45,-6.25,-4.52,-4.27
200301,-2.41,1.27,-0.83,0.1,,200301,-2.29,-2.52,-1.35,-2.67,-2.28,-5.34
200302,-1.61,-0.46,-1.44,0.09,,200302,-3.58,-2.43,-3.5,-1.04,-3.22,-4.26
200303,0.93,0.74,-1.4,0.1,,200303,2.05,0.63,0.96,1.71,0.04,-0.6
200304,8.15,1.38,-0.3,0.1,,200304,11.21,9.47,9.14,7.6,8.95,9.67
200305,6.22,4.69,0.09,0.09,,200305,13.09,10.55,10.2,4.96,7,8.03
200306,1.54,1.45,0.54,0.1,,200306,2.39,2.46,3.44,1.21,1.37,1.35
200307,2.23,5.48,-2.21,0.07,,200307,8.42,6.17,6.3,2.33,1.71,0.2
200308,2.47,2.54,1.84,0.07,,200308,4.63,4.97,6.07,1.79,2.22,3.79
200309,-1.01,0.7,0.96,0.08,,200309,-1.68,-1.71,0.87,-0.81,-1.97,-1.49
200310,5.95,2.84,1.82,0.07,,200310,8.14,8.24,10.78,5.1,7.42,5.98
200311,1.58,2.25,1.29,0.07,,200311,2.96,3.8,4.44,0.86,1.72,2.01
200312,4.47,-2.83,2.79,0.08,,200312,0.83,2.32,4.07,4.29,4.93,6.5
200401,2.24,2.62,1.5,0.07,,200401,3.97,4.33,5.92,1.57,2.16,2.63
200402,1.49,-1.18,0.38,0.06,,200402,0.49,0.62,0.72,1.2,2.42,1.74
200403,-1.16,1.82,0.03,0.09,,200403,1.06,0.6,0.35,-1.84,-0.54,-1.07
200404,-2.5,-2.5,-1.73,0.08,,200404,-3.65,-3.35,-6.05,-0.68,-3.14,-1.72
200405,1.35,-0.14,-0.26,0.06,,200405,1.07,1.01,0.8,1.38,0.8,1.12
200406,2.08,2.27,1.7,0.08,,200406,3.42,4.3,5.26,1.21,2.21,2.76
200407,-3.87,-3.75,4.44,0.1,,200407,-9.78,-5.3,-4.26,-4.91,-1.65,-1.55
200408,0.16,-1.45,1.27,0.11,,200408,-2.14,-0.18,-0.53,-0.17,0.92,0.76
200409,1.95,2.86,0.49,0.11,,200409,5.44,4.86,4.03,0.54,2.29,2.93
200410,1.67,0.54,-0.98,0.11,,200410,3.34,1.1,1.48,1.75,0.89,1.66
200411,4.68,4.1,1.96,0.15,,200411,7.95,8.77,9.77,3.45,5.21,5.51
200412,3.36,0.18,-0.32,0.16,,200412,4.11,2.66,3.93,4.03,2.57,3.56
